category,question,answer
등록,대학원 수료생(당 학기 논문제출 예정자)의 경우 등록금 및 생활비 대출이 가능한가요?,"대학원 수료생의 경우 일부 금액이 등록금 개념으로 고지된다 하더라도 이 비용은 학점 취득을 위한 수업료의 개념이 아니라 단순 졸업을 위한 논문지도비 등의 비용이기 때문에 재학의 의미로 볼 수 없어 학자금대출 지원이 불가능합니다.

*부서 : 재무회계팀
*전화번호 : 02-2123-4500"
등록,비학위과정의 대학원생은 등록금 및 생활비 대출이 가능한가요?,"학점 인정을 떠나 비학위과정의 재학생은 대출자격요건에 충족되지 않습니다.

*부서 : 재무회계팀
*전화번호 : 02-2123-4500"
등록,"4년제 대학의 9학기, 2년제의 5학기 등과 같은 학기초과자 학생도 학자금 대출을 받을 수 있나요?","원칙적으로 취업을 위한 의도적 졸업유예의 경우 학자금 대출이 불가합니다. 다만 졸업유예가 아닌 학교에서 인정하는 정규학기일 경우 학사정보 및 수납원장을 해당 졸업학년으로 업로드 해 주시면 학자금 대출이 가능합니다.

*부서 : 재무회계팀
*전화번호 : 02-2123-4500"
등록,학생 평점이 백분위 환산점수로 79.7점입니다. 든든학자금 대출이 가능한가요?,"든든학자금 대출의 성적 기준은 80점 이상입니다. 성적은 반올림 처리가 되지 않으므로 소수점 이하는 절사하여 79점으로 학사정보를 업로드 하시기 바랍니다. (해당경우 든든학자금 대출 불가)

*부서 : 재무회계팀
*전화번호 : 02-2123-4500"
등록,"재입학생이나 편입생은 재학생군인가요, 신입생 군인가요?","재입학생과 편입생 모두 신입생군에 속합니다.

*부서 : 재무회계팀
*전화번호 : 02-2123-4500"
등록,고지서출력은 어디에서 할 수 있나요?,"<고지서출력방법>
학사포탈서비스(http://portal.yonsei.ac.kr) 접속 → 주요학사관리 → 학부/대학원 등록금 납부 → 로그인 → 등록 → 조회/등록 → 고지서 출력

*부서 : 재무회계팀
*전화번호 : 02-2123-4500"
등록,고지서 출력이 왜 안 되나요?,"고지서 출력기간인지 먼저 확인하여야 합니다. 또한, 등록금 납부 후에는 고지서 출력은 불가하고 등록금 납부 확인서만 출력할 수 있습니다. 학기초과자의 경우 수강신청 변경기간이 완료된 이후 추가등록기간에 고지서 출력이 가능합니다. 복학신청자일 경우 1, 2차 복학신청자는 본등록기간과 추가등록기간 모두 납부 가능하여 고지서 출력이 바로 되지만, 3차 복학신청자는 추가등록기간에 고지서 출력 및 등록이 가능합니다.

*부서 : 재무회계팀
*전화번호 : 02-2123-4500"
등록,고지서 출력기간 이전에 미리 고지서를 출력하고 싶어요.,"고지서 출력기간 이전에 고지서 출력은 불가합니다. 단, 근로복지공단에서 근로자 대여를 받기 위해서 등록금 고지서가 필요할 경우에는 등록금고지서를 대신해서 재학증명서와 등록금명세표(www.yonsei.ac.kr 접속 → 메뉴상단 ‘대학생활’ → 신촌 : 학사안내 → ‘등록금’ → 각 소속별 등록금 명세표)로 대신할 수 있습니다.

*부서 : 재무회계팀
*전화번호 : 02-2123-4500"
등록,복학신청자인데 고지서출력이 안됩니다.,"1차 복학신청자의 경우 아직 출력기간 전일 수 있습니다. 고지서는 본등록기간 전주부터 출력이 가능합니다.

*부서 : 재무회계팀
*전화번호 : 02-2123-4500"
등록,고지서를 출력했는데 금액이 이상하게 나와요.,"분할납부신청을 했는지 확인해봅니다. 분할납부신청시 고지서에는 분할납부 회차에 따른 금액이 청구됩니다. 분할납부를 하지 않았는데도 금액에 이상이 있을 경우 재무·회계팀으로 연락 바랍니다.

*부서 : 재무회계팀
*전화번호 : 02-2123-4500"
등록,다음 학기에 소속변경 될 예정인데 등록금 고지서가 어떻게 나오는지 알고 싶어요.,"등록금 고지서는 소속변경 된 학과의 등록금으로 고지가 됩니다.

*부서 : 재무회계팀
*전화번호 : 02-2123-4500"
등록,계열별 등록금이 나온 등록금 명세표는 어디에서 찾을 수 있나요?,"계열별 등록금 확인은 www.yonsei.ac.kr 접속 → 메뉴상단 ‘대학생활’ → 신촌 : 학사안내 → ‘등록금’ → 각 소속별 등록금 명세표를 확인하면 됩니다.

*부서 : 재무회계팀
*전화번호 : 02-2123-4500"
등록,고지서 발송은 언제 되나요?,"직전 학기 재학생의 경우에만 발송이 됩니다. 그러므로 직전 학기 재학하지 않은 경우에는 고지서 발송이 되지 않으니, 학사포탈에서 직접 출력 바랍니다. 학사포탈의 주소가 올바르지 않은 경우에는 고지서가 잘못 발송이 될 수 있으니, 고지서 발송 작업 시작 이전에(매 학기 7월 중순, 1월 중순) 주소를 변경 하면 됩니다. 주소가 올바르게 되어 있다면 등록금 납부 기간 7일~10이전에 받아볼 수 있습니다.

*부서 : 재무회계팀
*전화번호 : 02-2123-4500"
등록,등록금 납부 확인서 혹은 교육비 납입증명서 출력이 안돼요!,"간혹 외부에서 학사포탈사이트 접속 시 보안을 위한 방화벽 등의 이유로 팝업창이 뜨지 않을 수 있습니다. 다른 장소에서 출력 바랍니다.

*부서 : 재무회계팀
*전화번호 : 02-2123-4500"
등록,등록금 납부 확인서를 영문으로 받아 볼 수 있나요?,"가능합니다. 국문 등록금 납부확인서와 마찬가지로 학사포탈시스템에서 출력하기 전에 영문 출력 버튼을 누르면 영문 등록금 납부 확인서를 인쇄할 수 있습니다.

*부서 : 재무회계팀
*전화번호 : 02-2123-4500"
등록,등록금 고지서를 영문으로 받아 볼 수 있나요?,"가능합니다. 학사포탈시스템(http://portal.yonsei.ac.kr)에 접속 후 우측 상단 ‘English’를 선택하여 로그인 하면 고지서가 영문으로 출력됩니다.

*부서 : 재무회계팀
*전화번호 : 02-2123-4500"
등록,교육비 납입 증명서와 등록금 납부 확인서는 같은 것 아닌가요?,"교육비납입증명서는 등록금납부확인서와 다릅니다. 등록금 납부확인서는 등록금을 납부하였다는 확인의 용도로 사용하는 것이고 교육비 납입 증명서는 세금공제의 목적으로 사용되는 것으로 용도의 차이가 있습니다.

*부서 : 재무회계팀
*전화번호 : 02-2123-4500"
등록,학기초과자가 아니어도 학점 당 등록금 납부가 가능한가요?,"불가능합니다. 정규 학기 동안에는 이수학점에 관계없이 등록금 전액 납부입니다.

*부서 : 재무회계팀
*전화번호 : 02-2123-4500"
등록,재입학생이면서 학기초과자면 등록금을 언제 납부해야 하나요?,"재입학생은 본등록기간에 납부하는 것이 맞지만, 학기초과자의 경우에는 수강과목이 확정된 이후인 추가등록기간에 납부하면 됩니다.

*부서 : 재무회계팀
*전화번호 : 02-2123-4500"
등록,등록금을 빨리 낼 수 있나요?,"등록기간에만 가상계좌가 열리기 때문에 등록기간이 아닌 기간에는 입금이 되지 않습니다.

*부서 : 재무회계팀
*전화번호 : 02-2123-4500"
등록,등록기간을 준수하지 못할 것 같아요. 며칠 늦게 내도 되나요?,"본등록기간을 놓치게 되면 추가등록기간이 있습니다. 그렇지만 추가등록기간 이후에는 더 이상의 추가등록은 없습니다. 그러므로 반드시 추가등록기간에는 등록을 하여야 합니다. 분할납부 신청자의 경우는 분할납부 기간 미 준수 시 다음 학기 분할납부신청이 불가합니다.

*부서 : 재무회계팀
*전화번호 : 02-2123-4500"
등록,등록금 납부는 몇 시 까지 가능한가요?,"등록 마지막일 오후 11시 59분까지 가상계좌는 열려있어 등록 가능하나 간혹 타행 인터넷 뱅킹의 경우 해당 은행에서 시간제한을 두기도 하기 때문에 미리 확인이 필요합니다. (단, 등록시간은 등록에　따라 변경될 수 있으니, 등록 안내문을 참고해 주시기 바랍니다.)

*부서 : 재무회계팀
*전화번호 : 02-2123-4500"
등록,본등록기간에 등록하지 못해 추가등록기간에 등록하면 어떤 불이익이 있나요?,"추가등록기간에 등록하게 되어도 불이익은 전혀 없지만, 기간이 길지 않으므로 유의하여야 합니다. 단, 분할납부 신청자는 1차 납부기간인 본등록기간 내 납부를 준수하지 않으면 분할납부 신청이 취소되고 추가등록기간에 등록금 전액을 납부 하여야 합니다.

*부서 : 재무회계팀
*전화번호 : 02-2123-4500"
등록,등록금 납부가능은행은 어디인가요? 꼭 우리은행에서 내야 하나요?,"우리은행 및 모든 1차 금융기관에서 납부가능하며, 고지서의 개인별 가상계좌로 송금하면 등록이 완료됩니다. (단, 우리은행 외 타행 이용 시 송금수수료가 부과될 수 있습니다.)

*부서 : 재무회계팀
*전화번호 : 02-2123-4500"
등록,학생과 등록금을 송금하는 사람 이름이 다른데 어떻게 하나요?,"학생별로 다른 가상계좌를 부여하여 고유의 가상계좌로 학생을 인식하므로 송금인은 타인이어도 무방합니다.

*부서 : 재무회계팀
*전화번호 : 02-2123-4500"
등록,등록금을 적게 송금했는데 어떻게 해야 하나요?,"등록 가상계좌는 등록기간과 등록금액이 정확하게 일치하여야만 입금이 되기 때문에 적거나 많게 송금하였을 경우 송금이 취소 혹은 거절되어 있을 것입니다. 그러므로 등록기간 내에 등록금액을 정확하게 재입금하면 됩니다.

*부서 : 재무회계팀
*전화번호 : 02-2123-4500"
등록,"학사포탈에 있는 계좌로 넣었는데, 등록금이 미납으로 나오네요?","반드시 고지서 출력화면에 있는 가상계좌로 입금하여야 합니다. 학사포탈 학적정보에 있는 본인의 학생증 연결계좌로 송금한 것이 아닌지 확인 바랍니다.

*부서 : 재무회계팀
*전화번호 : 02-2123-4500"
등록,가상계좌로 입금이 안 되는 이유가 뭔가요?,"납부 가능한 기간인지, 계좌번호와 금액이 정확한지 확인해봅니다. 일일이체한도를 넘었는지 또는 제2금융권에서 송금하고 있는지를 확인해보고 그렇다면 입출금 가능한 제1금융권 통장으로 이체한 후 송금해야합니다. 등록금 고지서를 출력한 이후 장학 혹은 감면을 받게 되면 금액이 다르게 되어 입금이 되지 않을 수 있습니다. 이때는 한 번 더 금액을 정확히 확인하고 입금하면 됩니다.

*부서 : 재무회계팀
*전화번호 : 02-2123-4500"
등록,학기초과자의 등록금은 어떻게 되나요?,"학부
1~3학점 : 1/6납부
4~6학점 : 1/3납부
7~9학점 : 1/2납부
10학점이상 : 전액납부
0학점(P/NP 과목 수강자) : 2011학년도 기준으로 341,600원 (단, 금액은 변동될 수 있음)

대학원(전문·특수대학원포함)
1~3학점 : 1/3납부
4~6학점 : 2/3납부
7학점이상 : 전액납부
신청학점이 없는 연구지도 신청자 : 1/8납부
일반대학원 연구과정생 : 1/2납부
전문특수대학원의 연구과정생 : 전액납부

*부서 : 재무회계팀
*전화번호 : 02-2123-4500"
등록,교환학생을 가는데 등록금은 어디에 납부하나요?,"교환학생으로 파견되어 있는 동안 학생들은 등록금을 본교에 납부하고, 수업은 파견이 되어있는 상대교에서 듣게 됩니다. 교환학생과 관련한 자세한 사항은 국제지원팀에 문의 바랍니다.

*부서 : 재무회계팀
*전화번호 : 02-2123-4500"
등록,방문학생을 가는데 등록금은 어디에 납부하나요?,"본교와 파견대학 두 곳에 모두 등록금을 납부해야합니다. 파견 장려를 위해 본교 등록금의 일부를 VSP장학금으로 지급받고 파견대학에는 일반학생보다 저렴한 수업료를 납부하게 됩니다. 교환학생과 관련한 자세한 사항은 국제지원팀에 문의 바랍니다.

*부서 : 재무회계팀
*전화번호 : 02-2123-4500"
등록,카드납부는 어디서 하나요?,"우리카드 홈페이지 http://card.wooribank.com/ 접속 → 화면상단 [금융서비스] → 납부서비스 → 대학등록금 납부 페이지에서 신청하면 됩니다. 혹은 우리은행에 방문하여 직접 납부할 수도 있습니다. 은행 방문 납부의 경우 납부기간 마지막 날의 오후 4시 이전에 납부하여야 하며, 카드 미소지자의 경우 카드발급에 시간이 소요되므로 그 전날 오후 4시 까지는 신청하여야 합니다.

*부서 : 재무회계팀
*전화번호 : 02-2123-4500"
등록,신용카드 할부 수수료는 어떻게 되나요?,"할부로 카드납부 시 할부 수수료는 학생 부담으로 최장 6개월, 단일 요율 9.8%입니다.

*부서 : 재무회계팀
*전화번호 : 02-2123-4500"
등록,우리카드만 등록금 납부가 가능하나요?,"현재는 우리카드로만 납부가 가능합니다.

*부서 : 재무회계팀
*전화번호 : 02-2123-4500"
등록,카드한도가 부족하다고 나와요!,"인터넷 납부자일 경우 특별 한도 승인란을 체크하면 특별한도승인대상일 경우 자동으로 승인처리가 됩니다. 우리은행 지점에 방문한 경우에는 창구직원에게 특별한도승인 가능여부를 확인 바랍니다.

*부서 : 재무회계팀
*전화번호 : 02-2123-4500"
등록,카드로 등록금을 납부했는데 수납확인은 언제 할 수 있나요?,"학사포탈시스템에서의 수납확인은 납부 후 1시간 이후부터 가능합니다. 카드 승인 SMS가 발송되오니 참고 바랍니다.

*부서 : 재무회계팀
*전화번호 : 02-2123-4500"
등록,등록금 카드 납부 시 현금과 나누어 납부할 수 있나요?,"현재 등록금 카드 납부는 전액결제 시에만 가능합니다. 그러므로 현금과 나누어 납부할 수 없습니다.

*부서 : 재무회계팀
*전화번호 : 02-2123-4500"
등록,부모님 명의 또는 형제자매의 명의로 된 신용카드로 등록금납부가 가능한가요?,"네 가능합니다. 단, 법인카드로 등록금납부는 불가능합니다.

*부서 : 재무회계팀
*전화번호 : 02-2123-4500"
등록,분할납부는 어디에서 신청하나요?,"학사포탈시스템(http://portal.yonsei.ac.kr) → 주요학사서비스 → 학부/대학원 등록금 납부 → 로그인 → 등록 → 분할납부 신청/변경

*부서 : 재무회계팀
*전화번호 : 02-2123-4500"
등록,분할납부가 잘 신청되었는지 어디에서 확인할 수 있나요?,"분할납부가 신청되었을 경우 학사포탈시스템(http://portal.yonsei.ac.kr) → 주요학사서비스 → 학부/대학원 등록금 납부 → 로그인 → 등록 → 조회/등록 페이지에 가면 분할납부신청일에 신청한 일자가 표시되게 됩니다. 또한, 분할납부를 신청하게 되면 등록금이 분할된 금액으로 등록금고지서에 출력됩니다.

*부서 : 재무회계팀
*전화번호 : 02-2123-4500"
등록,분할납부 신청　취소는 어디에서 하나요?　신청기간 이후에도 취소할 수 있나요?,"네, 신청기간 이내에는 분할납부를 신청한 방법대로 학사포탈시스템의 분할납부 신청/변경 페이지로 접속하여 하단의 취소버튼을 이용하여 취소할 수 있습니다. 신청기간 이후에는 학사포탈시스템을 이용한 취소는 불가하며, 재무회계팀(2123-4500)으로 직접 연락하시어 취소하실 수 있습니다.

*부서 : 재무회계팀
*전화번호 : 02-2123-4500"
등록,장학금 받거나 학기초과자인데도 분할납부가 가능한가요?,"장학금 수혜자 및 학기초과자도 모두 분할납부가 가능합니다. 하지만 장학금 반액 수혜 시 2회 분할납부를 신청하면 분할납부를 신청한 의미가 없게 됩니다. 그러므로 반액장학금을 받게 되면 분할납부 4회 신청을 하면 됩니다. 학기초과자의 경우도 마찬가지입니다.

그 외의 분할납부 불가대상은 아래와 같습니다.
1. 해당 학기 신입생, 편입생과 재입학생의 첫 학기
2. 정부학자금대출 신청자
3. 신청학점 없는 연구지도 신청자 (등록금1/8납부이므로 의미 없음)

*부서 : 재무회계팀
*전화번호 : 02-2123-4500"
등록,분할 납부 시 신용카드로 납부가 가능한가요?,"신용카드 납부는 등록금 전액일 경우에만 가능합니다. 그러므로 분할 납부의 경우에는 신용카드로 납부할 수 없습니다.

*부서 : 재무회계팀
*전화번호 : 02-2123-4500"
등록,이번 학기 복학예정자입니다. 분할납부 신청 가능한가요?,"복학예정자는 복학신청 이전이라도 분할납부를 원할 경우 미리 신청이 가능합니다. 2011-2학기부터 복학신청자를 위한 분할납부 신청기간(매학기 3월 초, 9월 초)을 별도로 두었으니, 참고 바랍니다.

*부서 : 재무회계팀
*전화번호 : 02-2123-4500"
등록,분할납부 신청을 했더니 고지서가 분할된 금액으로 나와요. 전액이 나오는 고지서를 받으려면 어떻게 해야 하나요?,"분할납부 신청기간 내에는 분할납부를 취소하고 고지서를 출력하시면 전액고지서를 인쇄할 수 있습니다. 그 이후에 다시 분할납부신청을 하면 됩니다. 가급적 분할납부 신청기간 내 전액 고지서를 인쇄하고 기간이 지나면 재무·회계팀으로 연락 바랍니다.

*부서 : 재무회계팀
*전화번호 : 02-2123-4500"
등록,분할납부 시에 이자가 적용되나요?,"분할납부 시 신청비용이나 이자는 없습니다.

*부서 : 재무회계팀
*전화번호 : 02-2123-4500"
등록,분할납부 하고 있는 중에 분할납부를 취소하고 전액을 다 납부 할 수 있나요?,"분할납부 하고 있는 중에 분할납부 취소는 불가합니다. 신청한 날짜에 맞추어 납부해 주시기 바랍니다. 부득이한 사정의 경우에는 재무·회계팀으로 연락 바랍니다.

*부서 : 재무회계팀
*전화번호 : 02-2123-4500"
등록,학자금 대출 신청은 어디에서 하나요?,"한국장학재단 홈페이지 (http://www.kosaf.go.kr/) 에서 공인인증서를 이용하여 대출을 신청할 수 있습니다. 대출신청은 대출심사 소요기간(대출승인까지 약 5~7일소요)을 고려하여 미리 신청하는 것이 좋습니다.

*부서 : 재무회계팀
*전화번호 : 02-2123-4500"
등록,학자금 대출 신청은 언제 할 수 있나요?,"학자금 대출 신청은 보통 학기가 시작하기 1~2개월 이전부터 할 수 있습니다. 단, 대출신청과 지급신청은 별도이므로 대출신청이 승인된 이후 등록기간에 지급신청을 별도로 하여야 합니다.

*부서 : 재무회계팀
*전화번호 : 02-2123-4500"
등록,학자금 대출에 나이 제한이 있나요?,"든든학자금 대출은 만35세 이하(대출신청일 기준), 일반학자금 대출은 만 55세 이하(대출신청일기준)입니다. 생활비대출도 동일합니다. (단, 학부2학년 이하의 경우 든든학자금 조건을 충족하는 만36세 이상 일반학자금 대출자의 경우는 생활비 대출 가능)

*부서 : 재무회계팀
*전화번호 : 02-2123-4500"
등록,학자금 대출시 신입생의 경우 내신과 수능성적 중 어떤 것을 적용하나요?,"해당 학생에게 유리한 성적으로 적용합니다.

*부서 : 재무회계팀
*전화번호 : 02-2123-4500"
등록,이번이 졸업학기인 학생입니다. 직전학기 이수학점이 12학점 미만인데 학자금 대출을 받을 수 있나요?,"졸업학기 학생, 신입생군, 대학원생, 장애인의 경우 직전학기 12학점 미만이라도 대출 가능합니다.(단, 이수학점 이외의 조건은 충족하셔야 합니다.)

*부서 : 재무회계팀
*전화번호 : 02-2123-4500"
등록,학자금 대출을 신청하면 어떤 계좌로 입금되나요?,"등록금은 학교 수납계좌로 입금되며, 생활비는 학생 개인계좌로 입금됩니다. (단, 기등록자의 경우에는 등록금 및 생활비 모두 학생계좌로 입금됩니다.)

*부서 : 재무회계팀
*전화번호 : 02-2123-4500"
등록,등록금의 일부만 대출 받고 싶은데 가능한가요?,"가능합니다. 대출 실행 시 대출조건 입력 단계에서 [본인납부가능금액]에 본인이 부담할 금액을 입력하면, 본인 부담액을 학생계좌에서 인출한 뒤 대출금액과 합해 학교계좌로 입금하게 됩니다. (단, 학생 본인의 계좌에 잔고가 부족할 경우 에러가 발생하므로 실행 전 잔고를 확인하여야 합니다.)

*부서 : 재무회계팀
*전화번호 : 02-2123-4500"
등록,신입생 기등록 대출이 어떤 것인가요? 재학생도 되나요?,"신입생 기등록 대출은 신입생이 학자금 대출기간 이전에 등록금을 납부해야 하는 경우 미리 등록금을 납부한 사람들에 한해 등록금을 대출해주는 제도를 말합니다. 즉, 신입생은 대학등록기간이 한국장학재단에서 지원하는 학자금대출신청기간보다 빠를 수 있기 때문에 운영하는 제도입니다. 그러므로 재학생은 기등록 대출을 할 수 없습니다. 단, 생활비 대출 신청은 가능합니다. 신입생의 기등록 대출 기간은 한국장학재단 학자금 대출 기간과 동일합니다.

*부서 : 재무회계팀
*전화번호 : 02-2123-4500"
등록,학자금대출에 대해서 전화로 문의하고 싶어요.,"한국장학재단 고객센터 T.02-1666-5114 로 문의하면 됩니다.

*부서 : 재무회계팀
*전화번호 : 02-2123-4500"
등록,등록금의 반환은 어떤 기준으로 이뤄지나요?,"학기 개시 후 14일 이내 : 전액반환
학기 개시 후 15일~30일 : 5/6반환
학기 개시 후 31일~60일: 2/3반환
학기 개시 후 61일~90일: 1/2반환
학기 개시 후 91일 이후 : 반환없음

*부서 : 재무회계팀
*전화번호 : 02-2123-4500"
등록,수강철회 하여도 반환이 되나요?,"학기초과자가 아닌 학생의 경우, 이수학점에 관계없이 등록금 전액 납부입니다. 또한, 학기초과자라 하더라도 신청변경기간 이후에 수강철회한 부분에 대하여는 반환이 불가합니다.

*부서 : 재무회계팀
*전화번호 : 02-2123-4500"
등록,신입생 예치금 차액은 언제 어떻게 받나요?,"해당되는 학생은 학생증 연결계좌로 3월 중순 이후에 입금됩니다.

*부서 : 재무회계팀
*전화번호 : 02-2123-4500"
등록,이번학기 대학원 신입생인데 입학포기원을 대학원 행정팀에 제출했어요. 언제 등록금이 반환되나요? 반환기준은 어떻게 되나요?,"해당 대학원 행정팀에서 재무·회계팀으로 공문을 보내어 반환요청을 하게 되는데 공문이 도착하고 나서 2주일 이내에 반환처리가 됩니다. 반환은 개강 전까지는 입학금 포함하여 모두 반환되고 학기 개시 후 14일 이내에는 입학금 제외한 금액 전액이 반환됩니다. 그 이후에는 반환기준일에 따라 반환율이 달라집니다.

*부서 : 재무회계팀
*전화번호 : 02-2123-4500"
등록,이번 학기 대학원 신입생인데 입학포기를 하고 싶은데 어떻게 하나요?,"해당 대학원 행정팀으로 문의 바랍니다.

*부서 : 재무회계팀
*전화번호 : 02-2123-4500"
등록,학기 중 제적 처리되면 등록금 반환이 되나요?,"학기 중 제적 처리되면 등록금은 반환되지 않습니다.

*부서 : 재무회계팀
*전화번호 : 02-2123-4500"
등록,휴학 등록금 반환은 언제 이루어지나요?,"휴학 신청 후 7일~10일 이내에 학사포탈에 등록된 계좌로 입금됩니다.

*부서 : 재무회계팀
*전화번호 : 02-2123-4500"
등록,등록금을 미리 내고 휴학할 수 있나요?,"등록금 대체제도는 시행되고 있지 않습니다. 휴학하게 되면 등록금 반환 규정에 의하여 휴학기준일에 따라 등록금이 차등 반환됩니다.

*부서 : 재무회계팀
*전화번호 : 02-2123-4500"
등록,등록금 반환 받는 계좌를 변경하고 싶은데 어떻게 해야 하나요?,"학사포탈시스템(http://portal.yonsei.ac.kr) 접속 → 주요학사관리 → 학부/대학원등록금 납부 → 로그인 → 등록 → 출력/등록 → 계좌번호변경 → 계좌번호 옆의 버튼 클릭 → 팝업창에서 계좌번호 칸에 변경할 계좌번호 입력 → 조회 → 확인 → 저장 순으로 변경하시면 됩니다.

*부서 : 재무회계팀
*전화번호 : 02-2123-4500"
등록,앨범은 구입하지 않을 예정이라 앨범비를 내고 싶지 않아요.,"앨범비는 일단 납부하고 나서 학생지원팀(T.5121)에 졸업 이전에 환급신청하면 됩니다.

*부서 : 재무회계팀
*전화번호 : 02-2123-4500"
등록,아직 졸업도 안하는데 벌써 졸업비 및 앨범비가 청구 되었어요!,"모든 재학생에게 7학기에 졸업비 및 앨범비를 청구하고 있으며 재학기간 중 단 한번만 내는 것이니 바로 졸업하지 않더라도 중복납부 하지는 않습니다. (단, 공과대학 건축학교육과정은 9학기에 납부하게 됩니다)

*부서 : 재무회계팀
*전화번호 : 02-2123-4500"
등록,각종 자율경비를 납부하고 싶지 않아요!,"자율경비는 모든 재학생이 납부하는 것으로 자율경비를 포함한 전액이 입금되어야지만 등록이 가능합니다. 단, 전문특수대학원(단, 경영전문대학원 제외)의 원우회비의 경우에는 선택이 가능한 경우가 있습니다.

*부서 : 재무회계팀
*전화번호 : 02-2123-4500"
등록,교환학생도 자율경비를 납부해야하나요?,"교환학생은 자율경비 면제이나 졸업비 및 앨범비는 납부대상입니다.

*부서 : 재무회계팀
*전화번호 : 02-2123-4500"
등록,장학금을 받기로 했는데 고지서 출력하면 전액이 나와요.,"장학취업팀에 문의 바랍니다.

*부서 : 재무회계팀
*전화번호 : 02-2123-4500"
등록,이공계장학금을 받을 예정인데 언제 고지가 되나요? 혹은 어떤 방법으로 받게 되나요?,"일반적으로 이공계장학금은 본등록기간 직전에 고지서에 반영되어 나옵니다. 그러므로 본등록이 시작할 때 고지서 재확인 바랍니다.

*부서 : 재무회계팀
*전화번호 : 02-2123-4500"
등록,연말정산용 교육비 납입증명서에 왜 장학금 받은 내역은 제외되나요?,"관계법령에 의거해서 장학금으로 인한 등록금은 공제대상에 포함되지 않습니다.


*부서 : 재무회계팀
*전화번호 : 02-2123-4500"
등록,등록금 책정 관련 문의는 어디에서 하나요?,"등록금 책정은 예산팀에서 하며, 재무·회계팀은 등록금을 수납하는 부서입니다.


*부서 : 재무회계팀
*전화번호 : 02-2123-4500"
휴복학,동록금을 납부한 뒤 휴학을 하면 나중에 복학할 때 등록금을 납부하지 않아도 되나요?,"◆ 휴학하면 등록금이 휴학 시기에 따라 반환되는 것이 원칙이므로, 복학시 다시 납부하셔야 합니다. 즉, 등록금을 미리 예치할 수 없습니다.

부서: 교무처 학사지원팀
전화번호: 02-2123-2091, 2094~7"
휴복학,휴복학 일정 및 자세한 사항은 어디에서 확인할 수 있습니까?,"◆ 휴복학 신청기간은 2월초, 8월 초부터 시작됩니다. 자세한 일정은 매년 1월과 7월에 본교 홈페이지 첫화면 공지사항과 학사포탈시스템>휴복학>공지사항을 통해 공지하오니 해당 날짜 및 절차, 서류 등을 꼼꼼히 확인하시어 불이익이 없도록 하여 주십시오.

부서: 교무처 학사지원팀
전화번호: 02-2123-2091, 2094~7"
휴복학,전역 후 복학시 예비군 신고는 어떻게 해야하나요?,"◆ 학사포탈에서 복학신청시 관련사항을 입력하게 되어 있으므로, 정상적인 복학 절차를 밟을 경우 별도로 예비군 신고를 하지 않아도 됩니다 학교 예비군연대에서 복학생 자료를 받아 주소지 예비군 읍, 면, 동대에 전산으로 전입요청을 하므로 거주지 예비군 읍, 면, 동대와 학사포탈에 최신 연락망을 업데이트 해두시기 바랍니다.

*부서 : 예비군연대
*전화번호 : 02-2123-3686~9. 02-2123-8461"
휴복학,입대 휴학 중입니다. 입대 휴학으로 적용되는 기간은 언제까지인가요?,"◆ 전역일을 포함한 2개 학기 까지는 입대휴학으로 처리됩니다.
학기기준은 : • 1학기는 3. 1 ~ 8. 31 • 2학기는 9. 1 ~ 2. 28입니다
☞ 예1) 전역일이 2018년 3월~8월이라면 2018학년도 1학기 전역자에 해당
2018학년도 2학기도 입대휴학기간으로 간주되나 필요시 복학신청 가능
2019학년도 1학기에는 휴복학기간에 반드시 복학 또는 휴학(휴학기간이 남아있는 경우)
☞ 예2) 전역일이 2018년 9월~2019년 2월이라면 2018학년도 2학기 전역자에 해당
2019학년도 1학기도 입대휴학기간으로 간주되나 필요시 복학신청 가능
2019학년도 2학기에는 휴복학기간에 반드시 복학 또는 휴학(휴학기간이 남아있는 경우)

부서: 교무처 학사지원팀
전화번호: 02-2123-2091, 2094~7"
휴복학,휴학 승인이 났는데 더 이상 할 것이 없나요?,"◆ 승인이 나면 승인증을 출력하시어 꼭 읽어보시기 바랍니다.
* 휴학 중이어도 주소나 전화번호가 바뀌시면 반드시 포탈에 수정해 놓으시기 바랍니다.
* 학적 변동사항이 있을 시 미리 공지사항에서 휴복학 일정을 확인하시어 착오 없으시기 바랍니다.

부서: 교무처 학사지원팀
전화번호: 02-2123-2091, 2094~7"
휴복학,"일반휴학을 사용한 휴학학기 수의 확인은 어떻게 하나요? 그리고, 일반휴학을 계속해서 사용하고 싶은데 자동으로 되나요?","◆ 일반휴학 자동연장은 2008-2학기 신청 학생부터 적용됩니다. 2008-1학기 이전에 일반휴학한 학생이 휴학기간이 만료되어, 휴학을 연장하고자 할 경우 일반휴학을 다시 신청해야 합니다. - 휴학 만료기간 확인 : 학사포탈->학적->자료조회->학적변동 및 상벌 - 최대 휴학학기 확인 : 학사포탈->학적->자료조회->학생신상

부서: 교무처 학사지원팀
전화번호: 02-2123-2091, 2094~7"
휴복학,재학 중 학기 2/3선 이후 입대하는 경우 성적처리는 어떻게 되나요?,"◆ 학기 2/3선 해당일 이후에 입대(입대일 기준)하는 경우 당해학기가 인정되며, 학사에 관한 내규 제 25조에 의거하여 해당학기의 중간시험 성적으로 학기말시험 성적이 대체됩니다. 단, 중간시험 성적의 반영비율에 대한 최종적 권한은 해당 교과목 담당 교수님께 있으므로 학기 중 입대휴학 사실을 교수님께 미리 알려드리고 성적에 대한 상담을 받으시길 권해드립니다. (문의처: 교무처 학사지원팀)

부서: 교무처 학사지원팀
전화번호: 02-2123-2091, 2094~7"
휴복학,제대 후 한학기 쉬었다가 계절학기부터 듣고 싶다면?,"◆ 별도의 휴복학 절차없이 계절학기 수강이 가능합니다.
*부서: 교무처 학사지원팀
전화번호: 02-2123-2091, 2094~7"
휴복학,휴·복학 신청은 언제 어떻게 할 수 있나요?,"◆ 휴복학 신청기간은 매년 2월, 8월중에 있으며, 자세한 안내는 1월, 7월에 학교 메인홈페이지 및 학사포탈시스템 공지사항에 게시하오니 참고하시면 되겠습니다.
◆ 휴복학 신청은 학사포탈시스템 ▶ 학사관리 ▶ 휴복학에 클릭하여 신청합니다. 모든 휴.복학 신청.취소 등의 절차는 인터넷신청을 원칙으로 합니다
◆ 일반휴학 신청은 학기 2/3선(학사일정표 참조)일까지만 신청가능하며 이후는 신청할 수 없습니다.

부서: 교무처 학사지원팀
전화번호: 02-2123-2091, 2094~7"
휴복학,신입생인데 첫학기 휴학이 가능한가요?,"신입생(편입생, 졸업예정자복수전공, 재입학 등 포함)은 첫 학기 휴학이 불가합니다. 단, 입대휴학(입영통지서 사본 첨부)및 질병휴학(본 대학교 의료원이나 그에 준하는 상급종합병원(보건복지부 지정) 이상에서 발급된 전문의 진단서 및 건강센터 확인서 첨부)은 가능합니다.

*부서 : 교무처 학사지원팀
*전화번호 : 02-2123-2091, 2094~7"
휴복학,입영 통지서를 받았습니다. 입대휴학 신청은 어떻게 하면 되나요?,"◆ 신청방법 :
1단계 (신청): 학사포탈 접속 ▶학사관리 ▶학적 ▶휴복학 ▶ 입대휴학 에서 신청 (입영통지서 첫장 등재해야함)
2단계 (담당자 승인): 제출된 서류 검토 후 담당자 최종 승인

◆ 신청기간 (입대휴학 신청기간이 2008-2학기부터 변경됨)
[학기 2/3선 전 입대]
- 신청기간 : 입영통지서를 받은 날로부터 입영일 전까지
- 당해 학기 입대가 예정되어 있기는 하나, 학기 개시 14일 (수업료 전액 반환 기준 마지막 날짜) 이내 입영통지서를 못 받아 입대휴학 신청이 불가능한 경우 일반휴학을 신청한 뒤 입영통지서를 받으면 입대휴학을 신청할 것을 권장함 (일반휴학없이 14일이 지난 날부터 입대휴학하면 등록금은 등록금 반환 비율에 따름
- 당해 학기에 신청된 일반휴학은 휴학 사용 학기 수에 포함하지 않음

[학기 2/3선 이후 입대]
- 신청기간 : 입영 1주전부터 입영일 전까지
- 당해 학기에 신청된 일반휴학은 휴학 사용 학기 수에 포함됨

◆ 유의사항
- 입대휴학 신청 후 입영연기 나 귀가(향)조치 등의 사유로 입영일 변동이 발생되면 발생일로부터 1주일 이내로 증빙서류와 입대휴학취소원을 종합서비스센터로 제출해 학적을 변동하여야 하며 재입영시 다시 입대휴학 절차를 밟아야 함
- 일반휴학 중이라도 입대할 경우 입대휴학 절차에 따라 반드시 신청해야 함
- 학기 2/3선 기준일은 당해 학기 학사일정표 참조 바람
- 입대휴학 중이라도 연락처가 변경되면 포탈에 반드시 수정
- 재학 중 입대휴학하는 경우에는 등록금 반환 기준에 따라 반환됨
- 기타 유의 사항은 매학기 휴복학 신청 안내문을 참고 바람

*부서 : 교무처 학사지원팀
*전화번호 : 02-2123-2091, 2094~7"
휴복학,입대를 했다가 귀향조치를 받았는데 어떻게 하면 되나요?,"◆ 귀향조치일로부터 반드시 1주일이내에 귀향조치 증빙서류 지참하고 교무처 학사지원팀을 방문, 입대휴학 취소원을 제출해야 합니다.

*부서 : 교무처 학사지원팀
*전화번호 : 02-2123-2091, 2094~7"
휴복학,동일학기 내 일반휴학과 입대휴학이 겹치게 될 경우에는 일반휴학이 휴학학기에 가산이 되나요?,"◆ 2007년 2학기부터 당해 학기에 일반휴학 후 학기수업일수 2/3선 이전에 입대휴학(입영일 기준)하는 학생에 대해서는 그 기간을 휴학학기에 가산하지 않습니다 그러나 일반휴학생이 학기 2/3선 이후에 입대휴학(입영일 기준) 하는 경우는 가산이 됩니다.

*부서 : 교무처 학사지원팀
*전화번호 : 02-2123-2091, 2094~7"
휴복학,휴학 중 계절학기 수강이 가능한가요?,"◆ 휴학 중인 학생은 계절학기 수강이 가능합니다.

◆ 교무처 학사지원팀 계절학기 문의처: 02-2123-2097

*부서 : 교무처 학사지원팀
*전화번호 : 02-2123-2091, 2094~7"
휴복학,일반휴학을 계속하고 싶을 경우 일반휴학신청을 다시해야 하나요?,"◆ 2008-2학기부터는 일반휴학을 신청하는 경우 휴학 학기수를 지정하지 않고 본인이 원하는 학기에 복학신청을 하고 승인을 얻으면 복학 전까지 일반휴학으로 자동 연장됩니다.
◆ 단, 휴학 최대 학기를 초과하여 휴학인정은 불가하므로 이때는 반드시 정해진 기간 내에 복학 신청 및 등록을 완료해야 합니다.
◆ 만일 복학신청을 놓치면 미복학 제적 대상자로 처리됩니다.

*부서 : 교무처 학사지원팀
*전화번호 : 02-2123-2091, 2094~7"
휴복학,일반휴학하려는데 재학 중 휴학할 수 있는 최대 휴학 학기수가 궁금합니다.,"◆ 최대 휴학 학기수는 포탈(학적->자료조회)에서 확인할 수 있으며 최대 휴학 학기수는 아래와 같습니다.
* 당초입학자 : 6학기
* 학사편입, 군위탁, 복수전공 : 3학기
* 5학기 편입생 : 3학기
* 3학기 편입생 : 4학기

*부서 : 교무처 학사지원팀
*전화번호 : 02-2123-2091, 2094~7"
휴복학,학기 초과자도 휴학이 가능한가요?,"◆ 재학 중 휴학할 수 있는 학기가 남아있는 범위 내에서 휴학이 가능합니다. 그러나 마지막 학기에는 반드시 재학중 이어야 졸업이 가능합니다.

*부서 : 교무처 학사지원팀
*전화번호 : 02-2123-2091, 2094~7"
휴복학,휴학시 등록금 반환은 어떻게 되나요?,"◆ 등록금 납부한 후 휴학(입대휴학 포함)하는 경우 등록금은 아래 시행세칙에 따라 반환합니다
▶등록제도운영에 관한 시행세칙 제8조(등록금반환)
학기 개시후 14일 이내: 전액 반환
학기 개시후 15일 ~ 30일 : 5/6 반환
학기 개시후 31일 ~ 60일 : 2/3 반환
학기 개시후 61일 ~ 90일 : 1/2 반환
◆ 반환금은 학생증에 연계된 계좌로 입금되며 휴학승인후 통상 1~2주정도 걸립니다. 추가 문의는 재무회계팀 @ 02-2123-4500

*부서 : 교무처 학사지원팀
*전화번호 : 02-2123-2091, 2094~7"
휴복학,입대휴학 상태에서 복학신청은 언제 어떤 절차로 하면 되나요?,"◆ 신청기간 : 학기별 신청하며, 2월에는 1학기 복학신청, 8월에는 2학기 복학신청하는 기간이 1월과 7월에 신청기간이 공지됩니다.

◆ 절차 :
1단계 (신청): 학사포탈 접속 ▶학사관리 ▶학적 ▶휴복학 ▶ 복학 에서 신청 (병적기록 기재)
2단계 (담당자 승인): 제출된 서류 검투 후 담당자가 최종 승인 (승인날짜가 학적 변동일)

◆ 증빙서류 : 성명,생년월일,입영일,전역일 포함
*전역자 (택일): 병적증명서, 주민등록초본, 전역증 앞면 및 뒷면, 복무확인서, 전역예정증명서 (개강전 전역 예정자에만 해당)
*3월 또는 9월 전역예정자: 전역예정증명서와 잔여휴가확인서 함께 제출 (3월 전역예정자의 경우, 병역법에 의거한 정식휴가의 사용을 소속부대로부터 허가받고 3월이나 9월 개강일부터 출석이 가능한 학생에 한하여 복학 신청이 가능하오니 이점 유의하시기 바람)

*서류 형식: 2MB이하 제출
*부서 : 교무처 학사지원팀
*전화번호 : 02-2123-2091, 2094~7"
휴복학,전역전에 복학이 가능한가요?,"◆입대후 복학은 복학학기 이전에 전역한 경우 가능합니다
◆그러나 개강 직후 전역예정자 (즉, 3월과 9월 내)로서 정식 휴가일수로 수업참여가 허용된 범위 내 (개강첫날 부터)에서 복학이 승인되며, 증빙서로 전역예정증명서와 잔여휴가확인서를 복학신청 시 제출해야 합니다.

*부서 : 교무처 학사지원팀
*전화번호 : 02-2123-2091, 2094~7"
졸업,졸업학기에 휴학하는 경우 연기신청을 해야 하나요?,"졸업학기에 휴학하는 경우는 자동으로 졸업연기 처리됩니다. 또한 졸업신청한 학생이 휴학하고자 하는 경우는 졸업연기로 변경한 뒤에 휴학신청이 가능합니다.

*부서 : 학사지원팀
*전화번호 : 02-2123-2090, 2091, 2096, 2097"
졸업,캠퍼스간 복수전공자인데 신촌캠에서 졸업식을 치룰 수 있나요?,"졸업식(학위수여식)은 제1전공을 기준으로 본인이 소속된 캠퍼스로 참석하여야 합니다. 학사모, 졸업가운, 졸업앨범 모두 제1전공을 기준으로 배부하고 있습니다.

*부서 : 학사지원팀
*전화번호 : 02-2123-2090, 2091, 2096, 2097"
졸업,조기졸업의 요건은 무엇인가요?,"조기졸업을 하려면 아래의 세 요건을 모두 만족해야 합니다.
1. 소속대학이 정한 졸업이수학점 취득
2. 계절학기를 포함한 전체학기 성적의 평량평균이 3.75 이상
3. 학사경고가 없어야 함

*부서 : 학사지원팀
*전화번호 : 02-2123-2090, 2091, 2096, 2097"
졸업,수강철회가 있으면 우등졸업을 할 수 없나요?,"수강철회시 (최)우등졸업이 불가합니다. 수강철회자, 편입생(일반, 학사, 군위탁), 졸업예정자 복수전공자, 재입학자, 학사경고자, 징계자, 소속변경자, 학기초과자, 수료자는 최우등/우등졸업에서 제외됩니다.
*부서 : 학사지원팀
*전화번호 : 02-2123-2090, 2091, 2096, 2097"
졸업,우등생 선발시 동점자는 어떻게 처리되나요?,"(최)우등상 수상 요건을 만족하는 경우, 동점자는 모두 선발됩니다. 선발기준은 ""성적""이며, 그 외 다른 기준(예: 총 이수학점, 전공 이수학점 등)은 없습니다.

*부서 : 학사지원
*전화번호 : 02-2123-2090, 2091, 2096, 2097"
졸업,편입생은 학점이 아무리 높아도 우등졸업에서 제외되나요?,"편입생은 학점과 관계없이 우등졸업 대상에서 제외됩니다. 편입생과 당초입학생의 수학연학은 각각 4학기, 8학기로 이수한 학기수가 달라 동일한 조건으로 평가할 수 없기 때문입니다.

*부서 : 학사지원팀
*전화번호 : 02-2123-2090, 2091, 2096, 2097"
졸업,조기졸업을 하는 경우 졸업하려는 학기의 계절학기 성적도 졸업학점에 포함되나요?,"졸업하려는 학기의 계절학기까지 성적을 포함하여 졸업할 수 있습니다. 예를 들어, 2월 졸업예정자의 경우 겨울 계절학기까지 취득한 학점을 포함하여 졸업할 수 있습니다. 단, 졸업요건을 이미 충족하였더라도 휴학 중에 정규학기가 아닌 계절학기만을 이수하여 졸업할 수는 없습니다.

*부서 : 학사지원팀
*전화번호 : 02-2123-2090, 2091, 2096, 2097"
졸업,학부과목을 하나 이수하지 못하였는데 졸업신청도 되고 졸업예정증명서도 발급이 됩니다. 어떻게 된 건가요?,"졸업신청은 학점과 상관없이 7학기 이수 후 8학기 재학생(복학생)은 모두 신청 가능하며, 해당 신청 기간에 ""졸업신청"" 또는 ""졸업연기""로 신청하여야 수강신청이 가능합니다. 이는 졸업요건 충족 여부와는 관련이 없으며, 졸업예정 증명서는 졸업사정이 이루어지지 않은 단계이므로 졸업에 필요한 총 취득학점의 취득만을 기준으로 발급됩니다. 학부과목(교양) 및 전공이수여부와는 관련이 없으므로, 본인의 졸업요건을 충족하는지 다시한번 확인하시기 바랍니다.

*부서 : 학사지원팀
*전화번호 : 02-2123-2090, 2091, 2096, 2097"
졸업,지금까지 들은 학점으로 졸업이 가능한지 확인은 어떻게 하나요?,"졸업신청자의 경우, 수강신청 2주 전부터 수강신청일까지 졸업예비사정을 할 수 있습니다. (학사포탈시스템 - 졸업/진급 - 졸업 - 졸업예비사정조회 또는 학점취득현황 조회) 학부과목(교양)은 학사지원팀, 전공은 해당학과에 문의하시기 바랍니다.

*부서 : 학사지원팀
*전화번호 : 02-2123-2090, 2091, 2096, 2097"
졸업,최우등/우등 졸업의 기준은 무엇인가요?,"1) 최우등 졸업생 : 당초입학생으로 학업성적 평량평균이 3.75/4.00, 4.00/4.30 이상으로서 대학별 상위 1% 이내인 자
2) 우등 졸업생 : 당초입학생으로 학업성적 평량평균이 3.50/4.00, 3.75/4.30 이상으로서 대학별 상위 3%이내인 자
* 단, 당초입학생이 아닌 일반편입생, 학사편입생, 군위탁생, 졸업예정자 복수전 공생 및 재입학자, 학사경고자, 수강철회자, 징계자, 소속변경자, 학기초과자는 대상에서 제외됨

*부서 : 학사지원팀
*전화번호 : 02-2123-2090, 2091, 2096, 2097"
졸업,학점인정은 최대 몇 학점까지 되나요?,"1) 교환학생, 유학생 : 1학기 - 졸업학점의 1/8 이내 2학기 - 졸업학점의 1/4 이내 (2007년 2학기 파견 대상자부터 적용)
2) 연수생 : 3학점 이내
3) 편입생 : 2학년 편입 - 32학점 이내, 3학년 편입 - 63학점 이내 (단, 학번 및 학과에 따라 인정학점 범위는 상이함)
* 학점인정을 받은 과목을 다시 수강할 수는 없으며, 인정받은 과목은 졸업이수요건에 반영됩니다.

*부서 : 학사지원팀
*전화번호 : 02-2123-2090, 2091, 2096, 2097"
재수강,학번별 재수강제도가 어떻게 다른가요?,"1) 13학년도 신입학자부터 졸업시까지 3회의 재수강 기회를 부여하며 최고 A0까지 취득 가능. 단, 필수교과에서 낙제하여(F성적 취득) 졸업하지 못하는 학생의 경우 3회의 재수강 기회를 초과해도 다시 수강할 수는 있으나, 이전 F성적도 평량평균에 반영됨. F/NP성적 이외의 성적을 취득한 교과목의 경우 재수강 횟수를 사용하지 않을 경우 수강신청이 불가능함. 원수강성적이 F/NP인 과목은 재수강횟수 사용여부와 상관없이 수강신청 가능하며 최고 A0 까지만 취득 가능. 단, 수강신청시 ‘재수강처리하지 않음(재수강*)’이 기본값으로 설정되어 있으니, 이전 소거를 희망하는 경우 수강변경기간동안 수강신청내역에서 재수강 과목('재수강*' → '재수강')으로 변경. 재수강기회 사용여부를 선택한 경우 수강변경 기간 이후에는 절대로 변경할 수 없음
2) 08~12학년도 입학자는 C+이하의 성적을 취득한 교과목에 한하여 재수강이 가능하며, 최고 A0까지 취득 가능
3) 05~07학년도 입학자는 C+이하의 성적을 취득한 교과목에 한하여 재수강이 가능하며, 최고 A0까지 취득 가능. 단, 학번별 허용된 횟수(05학번: 4회, 06학번: 3회, 07학번: 2회) 이내에서 원수강 성적 제한없이 재수강이 가능하며 재수강 후 A+까지 취득 가능함. 재수강기회 사용 의사표시 방법: 수강신청 시는 제한된 재수강신청 기회를 사용하지 않음이 기본값으로 설정되어 최고 A0의 성적만 취득할 수 있으므로, 제한된 재수강 기회를 사용할 경우에는 수강변경 시 수강신청내역에서 변경하여야 A+의 성적을 취득 가능함. 재수강기회 사용여부를 선택한 경우 수강변경 기간 이후 변경할 수 없음.
4) 05학번 이후 모든 학생은 계절제 수업에서는 성적등재가 안된 직전 정규학기 과목은 계절학기에 재수강할 수 없음.
5) 04학년도 이전 입학자는 이전 재수강 전 교과목에 대한 성적 및 재수강 후 취득할 수 있는 성적에 대한 제한이 없음.

*부서 : 학사지원팀
*전화번호 : 02-2123-2090, 2091, 2096, 2097"
재수강,재수강 제도가 무엇인가요?,"1) 동일한 교과목을 2회 이상 수강했을 때 최종으로 이수한 성적과 학점만 인정하는 제도
2) 동일과목을 2회 이상 수강한 경우 최종으로 이수한 교과목의 학점을 제외한 이전 이수한 교과목의 학점은 졸업학점에 포함되지 않음
3) 이미 이수한 과목을 재수강하여 “F”의 성적을 받을 경우 이전에 취득하였던 학점도 인정되지 않음에 유의
4) 재수강 후 성적이 상향되더라도 이미 받은 성적에 대한 학사경고사항은 유효함

*부서 : 학사지원팀
*전화번호 : 02-2123-2090, 2091, 2096, 2097"
재수강,B학점을 받은 교과목을 재수강하여 C를 받은경우 성적처리는 어떻게 되나요?,"재수강시 성적은 항상 최종학기에 취득한 성적으로 등재됩니다. 따라서 이전에 B학점을 취득한 교과목을 재수강하여 C를 받았다면 성적표상에는 최종 취득한 성적인 C가 남게 됩니다.

*부서 : 학사지원팀
*전화번호 : 02-2123-2090, 2091, 2096, 2097"
재수강,재수강(동일교과목) 교과목은 어떻게 알 수 있나요?,"원칙적으로 학정번호, 교과목명이 동일한 경우 재수강(동일교과목) 교과목입니다. 간혹 학정번호나 교과목명이 다른 경우에도 동일교과목인 경우가 있으므로, 학사포탈시스템(portal.yonsei.ac.kr)의 ‘학부/대학원 수강편람조회’에서 재수강(동일교과목) 교과목을 반드시 확인하시기 바랍니다.

*부서 : 학사지원팀
*전화번호 : 02-2123-2090, 2091, 2096, 2097"
재수강,재수강 횟수에 대한 질문입니다.,"13학번 이후는 부득이한 경우에 한하여 총 3회 이내에서 재수강할 수 있도록 하고 있으며, F의 성적을 취득한 교과목은 재수강 횟수를 초과해도 다시 수강할 수 있으나, 평량평균 환산시에는 이전 F성적을 포함합니다. 다만, 재수강시 취득가능한 성적은 최고 A0로 제한합니다. 또한, 2005학번부터 2012학번까지는 C+ 이하의 성적을 취득한 교과목에 한해서만 재수강이 가능하며, 최고 A0까지만 취득 가능합니다. 단, 2005학번부터 2007학번까지는 제한된 횟수 내에서 성적에 관계없이 재수강할 수 있으며, 재수강시 성취도에 따라 최고 A+까지 취득할 수 있습니다(05학번: 재학 중 4회, 06학번: 3회, 07학번: 2회).

*부서 : 학사지원팀
*전화번호 : 02-2123-2090, 2091, 2096, 2097"
재수강,재수강시 성적 처리는 어떻게 되나요?,"재수강시 최종 이수한 학점 및 성적만 등재가 되며, 이전에 취득한 학점 및 성적은 삭제가 됩니다. 아울러 이전에 취득한 성적이 빠져나와 삭제되므로 이전학기 평량평균과 전체성적의 평량평균은 변하게 됩니다. 다만, 13학번 이후는 부득이한 경우에 한하여 총 3회 이내에서 재수강할 수 있도록 하고 있으며, F의 성적을 취득한 교과목은 재수강 횟수를 초과해도 다시 수강할 수 있으나, 평량평균 환산시에는 이전 F성적을 포함합니다.

*부서 : 학사지원팀
*전화번호 : 02-2123-2090, 2091, 2096, 2097"
재수강,폐강(폐지)된 과목은 재수강 할 수 없나요?,"폐강(폐지)된 교과목은 재수강할 수 없습니다. 동일교과목은 전공학과에서 정하며, 동일교과목 리스트에 없는 과목은 재수강할 수 없습니다. 다만, 2000년도 전후에 폐지된 학부기초 교과목 중 다음의 8개 과목은 별도로 재수강 교과목을 지정하여 재수강 처리를 하고 있습니다
< 폐지된 학부기초 교과목>
성서와기독교, 기독교와역사, 말과삶, 글과삶, 영어(1), 영어(2), 실용영어(1), 실용영어(2)
* 수강신청 후 학사포탈시스템에서 ‘재수강과목인정원’을 다운로드 받아 교무처 학사지원팀으로 제출
* 재수강 교과목간의 학점 불일치로 인한 졸업학점이 미달되는 경우가 있을 수 있으므로 재수강 신청시 졸업학점을 필히 확인하여야 함

*부서 : 학사지원팀
*전화번호 : 02-2123-2090, 2091, 2096, 2097"
재수강,재수강한 과목을 재수강처리 하지 않을 수는 없나요?,"재수강을 하게 되면 이전에 취득한 학점이 빠져나와 삭제가 되므로 졸업시 학점부족으로 인해 재수강한 과목에 대한 재수강 처리를 하지 말아 달라는 요청이 있으나 절대 불가합니다. 따라서 재수강을 할 경우 졸업 전에 삭제된 학점으로 인해 졸업에 문제가 없는지 반드시 사전에 점검하시기 바랍니다.

*부서 : 학사지원팀
*전화번호 : 02-2123-2090, 2091, 2096, 2097"
재수강,재수강한 과목을 철회하면 어떻게 되나요?,"재수강하고 있는 교과목을 철회하였을 경우 이전에 초수강한 교과목의 학점과 성적은 없어지지 않습니다. 그러나 철회한 교과목은 과목 옆에 “W”가 기록됩니다(성적증명서에는 표기되지 않음).

*부서 : 학사지원팀
*전화번호 : 02-2123-2090, 2091, 2096, 2097"
재수강,재수강한 과목을 다시 재수강할 수 있나요?,"재수강한 과목을 계속 몇 번씩 재수강하여도 괜찮습니다만, 학번별로 적용되는 기준 등이 다를 수 있습니다.

*부서 : 학사지원팀
*전화번호 : 02-2123-2090, 2091, 2096, 2097"
재수강,원주캠퍼스 계절학기 과목으로 재수강해도 신촌캠퍼스 재수강으로 인정됩니까?,"계절학기 안내문 공고시 홈페이지 공지사항에 원주캠퍼스 과목 신촌캠퍼스 재수강 과목으로 인정 리스트를 게재하고 있으니 참고하시기 바랍니다.

*부서 : 학사지원팀
*전화번호 : 02-2123-2090, 2091, 2096, 2097"
재수강,수업계획서는 어떻게 조회하나요? 등재되지 않은 과목 속히 올려주세요.,"우리대학교의 수업계획서는 학사포탈시스템(portal.yonsei.ac.kr)의 ‘학부/대학원 수강편람조회’에서 학년도 학기별로 조회할 수 있습니다. 등재되지 않은 과목에 대하여는 교무처 학사지원팀에서 공문 등을 통하여 담당교수에게 지속적으로 요청하고 있습니다.

*부서 : 학사지원팀
*전화번호 : 02-2123-2090, 2091, 2096, 2097"
재수강,우리대학교도 학점포기제를 실시하나요?,"우리대학교는 학점 포기제를 실시하고 있지 않으며, 향후에도 실시할 계획이 없습니다.

*부서 : 학사지원팀
*전화번호 : 02-2123-2090, 2091, 2096, 2097"
재수강,원주 학생인데 신촌에서 들은 과목도 재수강으로 인정받을 수 있나요?,"학기 중에는 캠퍼스간 복수전공자에 한해서 신촌캠퍼스 과목을 수강신청할 수 있으며 계절학기에는 신촌, 원주 어디서나 수강신청할 수 있습니다. 단, 계절학기 기간에 공지사항을 통해 재수강 인정과목을 확인하시기 바랍니다.

*부서 : 학사지원팀
*전화번호 : 02-2123-2090, 2091, 2096, 2097"
복수전공/연계전공,복수전공 신청기간은 언제인가요?,"캠퍼스내 복수전공(이중전공)은 기말고사 기간 경에 학사포탈시스템을 통해 신청할 수 있습니다. 신청시 학업계획서를 작성한 후 희망하는 전공을 선택하면 됩니다.

*부서 : 학사지원팀
*전화번호 : 02-2123-2090, 2091, 2096, 2097"
복수전공/연계전공,학부-대학원 연계과정의 지원자격은 무엇인가요?,"학부-대학원 연계과정 합격자는 추후 별도의 대학원 입학시험 없이 학부졸업 후 대학원에 진학하여 석사학위과정(5년) 또는 통합학위과정을 절차를 밟아 학위를 취득할 수 있습니다. 지원자격은 다음과 같습니다. 가. 2학년(4학기)을 수료하고 전체 평량평균이 3.3/4.3(3.0/4.0) 이상으로 학과장의 추천을 받은 자 나. 4학기 이수 후 5학기 시작 전 1회에 한해 지원 가능 다. 전공승인을 받지않은 학부대학 소속 학생, 일반/학사편입생, 복수전공자, 학사경고자는 지원할 수 없음

*부서 : 학사지원팀
*전화번호 : 02-2123-2090, 2091, 2096, 2097"
복수전공/연계전공,졸업예정자 복수전공 승인 후 첫학기 휴학할 수 있나요?,"졸업예정 복수전공자는 학번이 새로 부여되며 졸업장도 따로 발급되는 등 신입생에 준하므로, 승인 후 첫학기 일반휴학은 불가합니다(입대휴학은 예외임).

*부서 : 학사지원팀
*전화번호 : 02-2123-2090, 2091, 2096, 2097"
복수전공/연계전공,복수전공시 졸업 증명서에 어떻게 표기되나요?,"캠퍼스내 복수전공(이중전공)의 경우, 졸업 증명서 한 장에 두개의 학위가 함께 표시됩니다. 졸업예정학기에 신청하는 졸업예정자 복수전공의 경우, 각각의 졸업 증명서가 발급됩니다.

*부서 : 학사지원팀
*전화번호 : 02-2123-2090, 2091, 2096, 2097"
복수전공/연계전공,타 단과대학의 학과를 복수전공할 수 있나요?,"글로벌융합공학부, 의치간호대학 및 음악대학, 언더우드국제대학 등을 제외한 모든 학과의 복수전공을 허용하고 있습니다(예, 간호학 전공자가 도시공학 복수전공 가능함).

*부서 : 학사지원팀
*전화번호 : 02-2123-2090, 2091, 2096, 2097"
복수전공/연계전공,캠퍼스내 복수전공을 하고 싶은데 여석은 어떻게 확인하나요? 또한 커트라인이 궁금합니다.,"캠퍼스내 복수전공의 경우 신청시기에 지원가능 현황표가 공지됩니다. 선발가능하다고 하더라도 선발하지 않는 경우도 있으며, 여석의 개념이 아닌 몇 명 이상 선발하도록 하여 많은 학생들이 다양한 전공을 경험할 수 있도록 장려하고 있습니다. 다만, 심사는 해당학과에서 실시하므로 합격 커트라인은 공개되는 것이 아닙니다.

*부서 : 학사지원팀
*전화번호 : 02-2123-2090, 2091, 2096, 2097"
복수전공/연계전공,캠퍼스내 복수전공을 신청했다가 취소하는 경우 그 과목을 부전공하는 것이 가능한가요?,"캠퍼스내 복수전공 취소 후 부전공으로 변경 가능합니다.

*부서 : 학사지원팀
*전화번호 : 02-2123-2090, 2091, 2096, 2097"
복수전공/연계전공,졸업예정자 복수전공생도 부전공을 할 수 있나요?,"졸업예정자 복수전공생도 부전공 이수가 가능합니다.

*부서 : 학사지원팀
*전화번호 : 02-2123-2090, 2091, 2096, 2097"
복수전공/연계전공,캠퍼스내 복수전공 취소 절차가 궁금합니다.,"졸업직전학기까지 캠퍼스내 복수전공 취소원을 작성하여 복수전공 학과의 학과장, 대학장의 날인을 받아 학사지원팀으로 제출하시면 됩니다. 해당 서류는 홈페이지의 각종 신청서 양식 모음에서 다운로드받을 수 있습니다.

*부서 : 학사지원팀
*전화번호 : 02-2123-2090, 2091, 2096, 2097"
복수전공/연계전공,부전공은 언제 신청하며 어떻게 과목이수해야 하나요?,"부전공은 해당 부전공과목 21학점을 미리 이수하고 졸업신청기간에 부전공 학과를 선택하면 됩니다. 단, 부전공과목은 해당 학과장 지도 후 수강신청하기 바랍니다.

*부서 : 학사지원팀
*전화번호 : 02-2123-2090, 2091, 2096, 2097"
복수전공/연계전공,졸업예정자 복수전공 신청기간은 언제인가요? 혹시 복수전공 불합격 후 졸업취소가 가능한가요?,"매학기 말에 신청가능합니다. 복수전공 합격여부를 졸업심사 전에 알 수 있는 경우 졸업취소가 가능하며, 그렇지 않을 경우에는 졸업 취소가 불가합니다.

*부서 : 학사지원팀
*전화번호 : 02-2123-2090, 2091, 2096, 2097"
복수전공/연계전공,원주에서 신촌캠의 학과를 복수전공하고자 할 때 반드시 동일한 계열이어야 하나요?,"계열과 상관없이 소속대학 소재지 캠퍼스에 없는 전공에 한하여 신청이 가능합니다.
*부서 : 원주캠퍼스 교무부
*전화번호 : 033-760-2166"
복수전공/연계전공,연계전공은 연세대학교 학생이라면 누구나 가능한가요?,"학부과정 재학생 중 96학번부터 연계전공을 신청할 수 있습니다. 규정상 일반편입생은 연계전공 신청이 가능하나, 학사편입생 및 대학원생은 신청이 불가합니다.

*부서 : 학사지원팀
*전화번호 : 02-2123-2090, 2091, 2096, 2097"
복수전공/연계전공,연계전공은 언제 어떻게 신청하면 되나요?,"연계전공신청 기간은 일반적으로 캠퍼스내 복수전공(이중전공) 신청기간과 동일합니다. 기말고사 기간 경에 학사포탈시스템을 통해 신청하시기 바랍니다.

*부서 : 학사지원팀
*전화번호 : 02-2123-2090, 2091, 2096, 2097"
복수전공/연계전공,"동일한 과목을 전공과 연계전공, 두 곳에서 인정받을 수 있나요?","하나의 교과목은 전공과 연계전공 및 교양과목으로 중복 인정이 될 수 없습니다. 따라서 하나의 과목을 어느 전공으로 인정받을 것인가는 학생이 선택하는 사항입니다. 교양과목도 연계전공 인정과목 리스트에 있으면 연계전공 과목으로 인정될 수 있으나, 이 경우는 졸업학점 중 이수해야 할 교양과목 요건에서 부족하게 될 수 있으므로 유의하시기 바랍니다.

*부서 : 학사지원팀
*전화번호 : 02-2123-2090, 2091, 2096, 2097"
복수전공/연계전공,연계전공 관련 교과목을 계절학기에도 이수할 수 있나요?,"과목에 따라 다르다고 할 수 있습니다. 일반적으로 연계전공과목은 계절학기에 개설되지 않고 있으나 연계전공운영위원회의 결정에 따라 개설되는 경우도 있으므로 사전에 해당 연계전공의 책임교수 또는 학사지원팀으로 문의하시기 바랍니다.

*부서 : 학사지원팀
*전화번호 : 02-2123-2090, 2091, 2096, 2097"
복수전공/연계전공,"만약에 연계전공으로 개설된 과목을 듣다가 중간에 포기하게 되면, 그 과목들은 어떻게 처리되나요?","원칙적으로는 일반선택 학점으로 졸업학점에 포함됩니다. 다만, 연계전공 인정과목 중 종별이 교양인 것은 교양으로 인정받습니다.

*부서 : 학사지원팀
*전화번호 : 02-2123-2090, 2091, 2096, 2097"
복수전공/연계전공,원주캠퍼스에 개설된 교과목들을 연계전공과목으로 인정받을 수 있나요?,"원칙적으로 서울캠퍼스에서 개설되는 연계전공에서 원주캠퍼스의 교과목을 연계전공 과목으로 인정할 수 없습니다.

*부서 : 학사지원팀
*전화번호 : 02-2123-2090, 2091, 2096, 2097 ."
복수전공/연계전공,연계전공 사무실은 어디인가요?,"연계전공 사무실은 교무처 학사지원팀에 위치하고 있으며, 연계전공 홈페이지는 http://web.yonsei.ac.kr/yongei 입니다.

*부서 : 학사지원팀
*전화번호 : 02-2123-2090, 2091, 2096, 2097"
수강신청,"2, 3차 복학 후 수강신청시 불이익이 있나요?","매학기 복학시점에 따라 복학생들의 수강신청기간이 다르고 2, 3차 복학생 수강신청 시에 별도의 정원을 지정하지 않습니다. 따라서 반드시 재학생과 같은 시기에 수강신청 할 수 있도록 미리 준비하여 1차 복학신청기간 중에 복학을 신청하는 것이 중요합니다.
*부서 : 학사지원팀
*전화번호 : 02-2123-2090, 2091, 2096, 2097"
수강신청,원주학생이 신촌에서 이중전공하는 경우 타전공의 수업도 들을 수 있나요?,"원주학생이 신촌캠퍼스 이중전공을 하는 경우, 수강학점 내에서 신촌 전공과목 위주로 수강할 수 있습니다. 신촌의 이중전공 외 타전공의 교과목도 수강은 가능하지만 교과목 인정여부는 원주캠퍼스 교무부로 문의하시기 바랍니다.

*부서 : 학사지원팀
*전화번호 : 02-2123-2090, 2091, 2096, 2097"
수강신청,수강신청 대상학년은 어떻게 되나요?,"수강신청은 진급하는 학년 기준입니다. (2학기 이수한 학생은 2학년, 4학기 이수한 학생은 3학년, 5학기 이수한 학생은 3학년, 8학기 이상 이수한 학생은 초과 학기생으로 4학년 수강신청 대상임)

*부서 : 학사지원팀
*전화번호 : 02-2123-2090, 2091, 2096, 2097"
수강신청,학기당 최저 수강학점이 있나요?,"학기당 최저 수강학점은 1학점이며, 정규학기인 8학기까지는 등록금 감면이 없습니다. 또한, 초과학기(9학기)부터는 신청학점에 따라 등록금이 감면됩니다(1-3학점 : 1/6 납부, 4-6학점 : 1/3납부, 7-9학점 : 1/2납부). 예외적으로 초과학기에는 채플(0학점)만 수강하는 것이 가능하지만, 졸업요건 충족에 문제가 있는 경우에만 해당됩니다)

*부서 : 학사지원팀
*전화번호 : 02-2123-2090, 2091, 2096, 2097"
수강신청,성적우수자 초과 학점 신청은 어떻게 하나요?,"직전학기 성적이 3.75이상이 되면 3학점을 초과로 이수할 수 있으며, 별도로 신청하지 않아도 수강신청 시스템에서 자동적으로 초과학점 신청이 됩니다. 3.75이상의 성적을 받고 바로 수강신청을 하지 않고 교환학생이나 일반휴학을 하게 되면 교환학생 파견후와 복학하는 학기에 초과학점을 신청할 수 있습니다. (단, 3.75이상이라도 해당학기에 철회(W)가 있으면 초과학점을 신청할 수 없습니다.)

*부서 : 학사지원팀
*전화번호 : 02-2123-2090, 2091, 2096, 2097"
수강신청,졸업예정자의 학점 초과 신청은 어떻게 하나요?,"졸업예정자 중 졸업학점 미달로 학점을 초과신청 하고자 하는 학생의 경우는 수강변경 마감 전까지 교무처 학사지원팀에 ‘학점초과신청원''을 제출하여야 합니다.

*부서 : 학사지원팀
*전화번호 : 02-2123-2090, 2091, 2096, 2097"
수강신청,"편입생(일반, 학사편입)의 수강신청은 어떻게 하나요?","편입생의 수강신청은 전적대학에서 이수한 과목의 학점을 교무처 학사지원팀에서 학점(과목)인정을 받은 다음 본인이 어떤 과목을 수강할지를 체크한 후 신청하여야 합니다. 교양과목 또는 전공과목으로 인정되는 과목이 있으면 수강하지 않아도 되므로 반드시 학점인정 절차를 진행한 후에 수강신청을 하시기 바랍니다.

*부서 : 학사지원팀
*전화번호 : 02-2123-2090, 2091, 2096, 2097"
수강신청,대학원과목 수강신청은 어떻게 하나요?,"학부 3,4학년 학생은 학기당 이수학점 제한 범위 내에서, 학기당 6학점(2과목), 총 12학점(4과목) 이내에서 본 대학원 개설과목을 수강할 수 있습니다.
1) 대학원 교과목을 수강하여 취득한 학점은 본인의 선택에 따라 학부(일반선택 학점) 또는 대학원의 취득학점으로 인정됩니다(중복인정 안됨).
2) 학부-대학원(석사 및 석.박사) 연계과정 학생은 대학원 학점으로만 인정됩니다.
3) 학부생이 대학원 교과목을 수강하는 경우 성적은 Letter Grade (A+0-,B+0-,.C+0-, D+0-, F)로 평가되며, 평량평균환산에는 포함되지 않습니다.
4) 대학원 교과목을 수강하고자 하는 학생은 수강신청서를 수강변경 마감 전까지 학사지원팀으로 제출하여야 합니다.

*부서 : 학사지원팀
*전화번호 : 02-2123-2090, 2091, 2096, 2097"
수강신청,주니어세미나는 어떤 과목인가요?,"각 전공에서 전공선택으로 개설하는 주니어세미나(1학점)는 2~4학년 학생이 학기당 최대수강학점 학점을 초과하여 1과목만 수강할 수 있으며, 성적평가는Pass/Non-Pass로 평가되고 평량평균 환산에 포함되지 않습니다. 수강신청시 수강대상이 제한되거나, 교수별로 수강신청 전에 인터뷰를 실시할 수 있으므로 수업계획서 상의 유의사항을 반드시 확인하기 바랍니다.

*부서 : 학사지원팀
*전화번호 : 02-2123-2090, 2091, 2096, 2097"
수강신청,수강변경기간에 정원이 따로 열리나요?,"정원이 마감된 과목의 수강정원을 추가로 배정하지 않는 것을 원칙으로 합니다.

*부서 : 학사지원팀
*전화번호 : 02-2123-2090, 2091, 2096, 2097"
수강신청,수강변경 기간이 지난 후에는 추가로 신청할 수 없나요?,"수강변경기간이 지나면 곧바로 수강신청 최종데이타 작업을 하며, 최종출석부를 출력하여 교수님들에게 배부하므로 변경기간 이후에는 추가 수강신청이나 변경이 불가능합니다.

*부서 : 학사지원팀
*전화번호 : 02-2123-2090, 2091, 2096, 2097"
수강신청,복학생 수강신청일에는 정원을 따로 주나요?,"복학은 3차로 나누어 신청받고 있으나 정원은 별도로 부여하지 않음을 원칙으로 합니다. 가능하면 빠른 시일내에 복학하여 재학생과 동일하게 학년별로 지정된 날짜에 수강신청하는 것이 유리합니다.

*부서 : 학사지원팀
*전화번호 : 02-2123-2090, 2091, 2096, 2097"
수강신청,수강정원이 없어서 교수님께 명단을 올렸는데 수강신청이 되나요?,"교수님께 말씀드리고 출석부에 기재하여도 본인이 직접 수강신청하지 않으면 신청이 되지 않은 것으로 처리됩니다. 즉, 전산처리된 최종출석부에 자신의 이름이 등재되지 않은 경우는 수강신청이 되어있지 않은 것입니다. 수강신청 내용은 학사포탈시스템으로 접속하면 항상 확인할 수 있습니다.

*부서 : 학사지원팀
*전화번호 : 02-2123-2090, 2091, 2096, 2097"
수강신청,수강철회는 어떻게 하나요?,"학사포탈시스템에서 수강철회기간에 직접 신청하실 수 있으며, 수강철회 기간은 보통 개강 후 5~6주차 입니다.
(해당 기간에 홈페이지 공지사항 참고)

<수강철회시 유의사항>
① 지정된 기간에 수강철회 후 반드시 포탈 수강내역을 확인하여야 함
② 수강과목을 철회할 경우에는 다른 과목을 대신 신청할 수 없으며, 수강철회 후 신청학점이 최소 1학점 이상이 되어야 함
③ 학점인정 사회봉사 교과목은 수강철회가 불가함
④ 수강과목을 철회한 학생은 평량평균이 우수하여도 학점 초과신청을 할 수 없으며, 우등생 대상에서 제외됨
⑤ 수강과목을 철회해도 학사포탈 개인시간표상에서는 철회한 과목이 삭제되지 않은 것으로 표시되지만 학기말 성적처리시 “W”(Withdraw)로 기재됨
⑥ 철회한 과목은 성적평가시 제외되며, 성적증명서상에 기재되지 않음

*부서 : 학사지원팀
*전화번호 : 02-2123-2090, 2091, 2096, 2097"
수강신청,"3, 4천 단위과목에 대한 단과대학별 이수요건은 무엇인가요?","2003학번부터는 3, 4천 단위 교과목을 일정학점 이상 이수하도록 의무화하고 있습니다. 단, 음악대학과 교육과학대학의 체육교육학 및 사회체육학은 이수의무를 면제하고 있으며, 법과대학과 생활과학대학은 이수요건이 다르므로 수강편람을 참고하시기 바랍니다.

*부서 : 학사지원팀
*전화번호 : 02-2123-2090, 2091, 2096, 2097"
수강신청,"3, 4천 단위로 인정되는 교과목은 전공과목에 한하여 인정되나요?","교양, 전공 구분 없이 학정번호가 3천, 4천으로 이뤄진 교과목은 모두 포함됩니다. 다만, 법과대학과 생활과학대학은 전공영역의 3, 4천 단위 교과목을 이수한 경우에만 인정하고 있으므로 자세한 사항은 해당 대학사무실로 문의하시기 바랍니다.

*부서 : 학사지원팀
*전화번호 : 02-2123-2090, 2091, 2096, 2097"
수강신청,"대학원교과목 or 교환대학에서 이수한 학점도 3, 4천 단위로 인정이 되나요?","학부학점으로 인정받는 대학원과목은 3, 4천 단위로 인정되지만, 국내교환대학 및 외국교환대학에서 이수한 학점은 3, 4천 단위로 인정되지 않습니다. 단, 전공과목 대체인정을 받은 경우에는 사정이 다르므로 학과 및 대학사무실로 문의하시기 바랍니다.

*부서 : 학사지원팀
*전화번호 : 02-2123-2090, 2091, 2096, 2097"
수강신청,"편입생, 복수전공자도 3, 4천 단위 이수요건을 만족해야 하나요?","편입생(일반편입, 학사편입 모두) 및 복수전공자도 일반학생들과 동일하게 3, 4천 단위 이수요건을 만족시켜야 합니다. 단, 단과대학별로 다소 완화된 요건을 적용하는 대학(경영대, 공과대)도 있으므로 해당 대학사무실로 문의하여 주시기 바랍니다.

*부서 : 학사지원팀
*전화번호 : 02-2123-2090, 2091, 2096, 2097"
수강신청,학사정보시스템에 수강신청하지 않은 과목을 YSCEC에서만 수강하는 것이 가능합니까?,"YSCEC은 학사 운영을 보조하는 수단일 뿐 모든 학생의 학사 정보는 학사정보시스템을 통해서 관리됩니다. 그러므로 학사정보시스템에 수강신청하지 않은 과목을 YSCEC에 수강신청 하신다고해서 이수 학점에 반영되거나, 해당 과목의 성적이 나오거나 하지는 않습니다. 이 내용을 숙지하시고 단지 청강을 목적으로 YSCEC에서 수강 신청하실 경우에는 각 강의의 교수님께 먼저 허락을 받으시고 이용해주시기 바랍니다.

*부서 : 학사지원팀
*전화번호 : 02-2123-2090, 2091, 2096, 2097"
수강신청,수강신청기간에 전학기 1회 학사경고자로서 수강신청을 하지 못했습니다. 어떻게 해야 수강신청을 할 수 있습니까?,"학사경고 1회자는 학과(부)장과 상담 후 학과(부)장이 날인한 학사경고자상담원을 학사지원팀에 제출하여 수강신청 허가를 받아야 수강신청이 가능합니다.

*부서 : 학사지원팀
*전화번호 : 02-2123-2090, 2091, 2096, 2097"
소속변경,원주 경영학과에서 신촌 경영학과로 소속변경 가능한가요?,"원주 경영학과에서 신촌 경영학과로는 소속변경이 불가능합니다. 동일한 학과로는 지원이 불가능하기 때문이며, 학과명이 동일하지 않은 경우 (예: 원주 시각디자인학과 -> 신촌 생활디자인학과)는 지원을 허용하고 있습니다.

*부서 : 학사지원팀
*전화번호 : 02-2123-2090, 2091, 2096, 2097"
소속변경,학부생도 소속변경 지원이 가능한가요?,"2006년 입학자부터는 3학기 이상 수료한 전공배정자에 한해서 전공으로만 소속변경이 허용됩니다.

*부서 : 학사지원팀
*전화번호 : 02-2123-2090, 2091, 2096, 2097"
소속변경,캠퍼스내 소속변경의 선발인원은 어떻게 정해지나요?,"캠퍼스내 소속변경은 지원학과 입학정원의 110% 이내에서 선발합니다. 학과의 정원이 초과된 경우에는 제적 또는 소속변경으로 인한 결원이 발생하는 경우에만 선발이 가능합니다.

*부서 : 학사지원팀
*전화번호 : 02-2123-2090, 2091, 2096, 2097"
소속변경,캠퍼스내 소속변경시 전공과목을 일부 이수해야 하나요?,"대학별로 소속변경 심의위원회가 구성되어 소속변경 지원자격을 심의하며, 소속대학/학과별로 소정의 전공학점 이수를 의무화하고 있습니다. 의무 전공학점은 전공9학점이 기본이며, 세부사항은 대학별로 다를 수 있으므로 반드시 해당 대학사무실로 확인하시기 바랍니다.

*부서 : 학사지원팀
*전화번호 : 02-2123-2090, 2091, 2096, 2097"
소속변경,소속변경 기간과 자격요건이 궁금합니다.,"캠퍼스내 소속변경은 매학기 중간고사 기간 경에 연세학사포탈서비스의 학사관리시스템에서 지원이 가능하며 3학기 이수 후부터 6학기 이수 전까지 지원이 가능합니다. 심사는 소속대학 심의위원회에서 1차심사(소속학과에서 정한 소정의 전공학점 이수여부 등)와 2차심사(지원학과에서 최종심사)가 이루어집니다.(지원가능학과는 학교 홈페이지 공지사항 참고)

*부서 : 학사지원팀
*전화번호 : 02-2123-2090, 2091, 2096, 2097"
소속변경,소속변경 전에 들었던 과목도 소속변경 후 전공으로 인정되나요?,"네, 인정됩니다. 예를 들어, 천문우주학 전공인 상태에서 기계공학의 전공을 들으면 일반선택으로 처리되지만 기계공학으로 소속변경을 하면 전공학점으로 인정받을 수 있습니다.

*부서 : 학사지원팀
*전화번호 : 02-2123-2090, 2091, 2096, 2097"
소속변경,휴학생도 소속변경 신청이 가능한가요?,"휴학생(군입대휴학 포함)도 소속변경을 지원할 수 있으나 면접전형에 응시해야 합니다.

*부서 : 학사지원팀
*전화번호 : 02-2123-2090, 2091, 2096, 2097"
소속변경,캠퍼스간 소속변경은 언제 이루어지나요?,"1년에 1회 3학년까지 신청가능하며 일반적으로 11월경에 있습니다. 자세한 사항은 11월경 홈페이지에 공지되는 내용을 참조 바랍니다.

*부서 : 학사지원팀
*전화번호 : 02-2123-2090, 2091, 2096, 2097"
소속변경,캠퍼스간 소속변경에 반영되는 성적의 범위는 무엇입니까?,"캠퍼스간 소속변경에는 직전학기 성적까지만 반영됩니다.
*부서 : 학사지원팀
*전화번호 : 02-2123-2090, 2091, 2096, 2097"
소속변경,캠퍼스간 소속변경의 자격요건은 무엇인가요? 전공신청이 되어있지 않은 경우 신청 가능한지요?,"3학기 이상 수료한 재학 및 휴학생 중 지원할 학과의 해당학번별 정원이 있는 경우 신청 가능하며, 전공이 결정된 학생만 신청가능합니다.

*부서 : 학사지원팀
*전화번호 : 02-2123-2090, 2091, 2096, 2097"
성적/출결,철회과목이 있으면 졸업때까지 우등대상에서 제외되나요?,"최우등졸업 및 우등졸업의 경우, 한번이라도 철회를 하면 대상에서 제외됩니다. 그러나 학기별 최우등/우등/우수생은 해당학기에만 철회가 없으면 심사대상이 됩니다.

*부서 : 학사지원팀
*전화번호 : 02-2123-2090, 2091, 2096, 2097"
성적/출결,학사경고를 받은 경우 어떻게 해야 하나요?,"매학기 성적의 평량평균이 1.75 미만인 경우 학사경고를 받게 되며, 학사경고를 총 3회 받게 되면 성적 불량으로 제적됩니다.
학사경고 1회 또는 2회인 자는 수강신청 전 정해진 기간에 지도교수 또는 학과장의 학사상담을 받은 후 소정의 양식을 학사지원팀(국제캠퍼스는 소속대학 사무실)에 제출하여야 수강신청이 가능합니다.

*부서 : 학사지원팀
*전화번호 : 02-2123-2090, 2091, 2096, 2097"
성적/출결,성적평가 비율은 어떻게 되나요?,"우리학교 성적평가는 상대평가가 원칙입니다.
- 21명 이상 수강강좌 : A+,A0,A- 35% 이내, B+,B0,B- 35%이내
- 20명 이하 수강강좌 : A+,A0,A- 40% 이내, B+,B0,B- 50%이내
- 10명 미만 수강강좌 : 절대평가
- 영어진행강좌(UIC강의와 어학과목 제외) 및 4000단위 과목 중 40명 이하 강좌는 교수재량 평가임

*부서 : 학사지원팀
*전화번호 : 02-2123-2090, 2091, 2096, 2097"
성적/출결,성적이수표는 언제 발송하나요?,"성적확인기간 종료 후에 1학기는 7월 20일 전후, 2학기는 다음해 1월 20일 전후에 집으로 발송합니다. 주소 또는 우편번호가 잘못된 경우 발송되지 않으니 반드시 정확한 정보를 입력하시기 바랍니다. (주소가 변경된 경우는 공지사항을 확인하시어 학사포탈시스템에서 변경하시기 바랍니다.)

*부서 : 학사지원팀
*전화번호 : 02-2123-2090, 2091, 2096, 2097"
성적/출결,성적확인기간은 언제인가요?,"학기말 시험시작부터 2주간이 교수님의 성적제출기간입니다. 이 기간 후에 일주일이 성적확인 기간입니다. 홈페이지 공지사항에 별도로 공지하오니 확인하시기 바랍니다.

*부서 : 학사지원팀
*전화번호 : 02-2123-2090, 2091, 2096, 2097"
성적/출결,성적확인 기간 중 성적확인란이 공란으로 되어 있는데요.,"포탈시스템에서 성적확인기간에 과목별로 성적을 확인할 수 있는데 성적이 표기되어 있지 않은 과목은 교수님이 현재 성적을 제출하지 않은 상태입니다.

*부서 : 학사지원팀
*전화번호 : 02-2123-2090, 2091, 2096, 2097"
성적/출결,성적정정 요청은 어떤 절차를 거쳐야 하나요?,"기재착오, 누락 등 담당교수가 성적 제출에 착오를 범한 경우에 한하여 기말시험 종료 후 4주 이내에 담당교수가 학사지원팀으로 성적정정원을 제출하여야 합니다.

*부서 : 학사지원팀
*전화번호 : 02-2123-2090, 2091, 2096, 2097"
성적/출결,출석인정 범위는 어떻게 되나요?,"출석인정과 관련해서는 학칙 제44조의 1항 및 2항, 학사에 관한 내규 제 22조의2 1항과, 2항을 참고하시기 바랍니다.
*부서 : 학사지원팀
*전화번호 : 02-2123-2090, 2091, 2096, 2097"
성적/출결,결석계 제출시 특별한 양식이 있나요?,"결석계 양식은 별도로 없으며 본인이 A4 용지에 관련 내용을 작성하고 필요한 증빙서류를 첨부하여 담당선생님에게 제출하면 됩니다.

*부서 : 학사지원팀
*전화번호 : 02-2123-2090, 2091, 2096, 2097"
성적/출결,시험불응시 성적처리는 어떻게 되나요?,"한학기 두 차례의 시험(중간, 학기말)중 그 한차례를 유고로 응시하지 못할 경우에는 시험불응원을 담당교수에게 제출하여, 그 불응 이유가 승인되면 한 차례의 시험 성적의 80%를 인정받을 수 있음(시험불응원 양식은 교무처 학사지원팀에 비치되어 있으며, 해당시험 개시 일주일전부터 해당시험 종료일까지 제출하여야 함)

*부서 : 학사지원팀
*전화번호 : 02-2123-2090, 2091, 2096, 2097"
성적/출결,휴학자 성적처리에 대한 문의입니다.,"① 일반휴학자의 성적처리: 학기중 일반휴학할 경우에는 그 학기 전 교과목의 수강신청이 취소되어 성적처리가 되지 않음
② 입대휴학자의 성적처리
- 2/3선전 입대휴학자 : 입대날짜가 2/3선 전에 입대휴학한 경우에는 일반휴학과 같이 성적처리가 되지 않음
- 2/3선후 입대휴학자 : 입대날짜가 2/3선 후에 입대휴학한 경우에는 중간시험성적을 학기말시험성적으로 대체하여 처리되므로 군입대 전에 해당 교과목 교수님께 군입대 사실을 알리고 입대하여야 함

*부서 : 학사지원팀
*전화번호 : 02-2123-2090, 2091, 2096, 2097"
성적/출결,우리학교 전자출결 강의실은 어디인가요?,"현재 신촌캠퍼스 (120명 이상)강의실 60곳에 설치되어 있으며 점차 확대시킬 예정입니다. 운영중인 전자출결 강의실은 다음과 같습니다.
① 문과대학: 외솔관 01호, 02호, 110호, 위당관 B09호(위당관강당)
② 상경대학: 상대본관 B112호, B120호, B130호(상경대강당 각당헌)
③ 경영대학: 경영관 101호, 102호, 103호, B101호, B102호, B103호, B201호, B202호, B203호, B204호
④ 이과대학: 과학관 111호, B103호, B104호, B130호, B131호, B132호, B133호
⑤ 공과대학: 제2공학관 공B037호, 공B038호, 공B039호, 공B040호, 공B041호, 공B042호, 공B043호, 제3공학관 공C040호, 공C403호, 공C404호, 공C503호, 공C504호, 공C603호, 공C604호, 제4공학관 공D604호
⑥ 법학전문대학원: 광복관 112호, 113호, B101호, B102호, B105호, B106호, B107호, B108호, B109호
⑦ 교육과학대학: 체육교육관 104호, 스포츠과학관 302호
⑦ 학부대학: 교육과학관 101호, 102호, 303호, 403호, 백양관강당 , 백양관 S111호
⑧ 교목실: 대강당, 루스채플 101호, B101호
⑨ 신과대학: 신학관 신예배실

*부서 : 학사지원팀
*전화번호 : 02-2123-2090, 2091, 2096, 2097"
기타,"(최)우등생,우수생 선발기준은 무엇입니까?","① 최우등생 : 학업성적 평량평균이 3.75/4.00, 4.00/4.30 이상으로서 대학별 학년별 상위 1%이내인 자
② 우등생 : 학업성적 평량평균이 3.50/4.00, 3.75/4.30 이상으로서 대학별 학년별 상위 3% 이내인 자
③ 우수생 : 학업성적 평량평균이 3.50/4.00, 3.75/4.30 이상으로서 대학별 학년별 상위10% 이내인 자
단, 학기당 수강신청학점이 15학점(99학번 포함 그 이전은 18학점)미만인 자 및 평점이 부여되지 않는 과목(Pass/Nonpass)을 이수하지 못한 자(NP), 수강철회자는 대상에서 제외됩니다.

*부서 : 학사지원팀
*전화번호 : 02-2123-2090, 2091, 2096, 2097"
기타,글쓰기 첨삭을 받고 싶은데 어디로 문의해야 하나요?,"OSE(Open & Smart Education)센터 글쓰기교실에서 글쓰기 관련 지원을 하고 있습니다. 홈페이지 http://ceds.yonsei.ac.kr의 '글쓰기 상담신청' 메뉴를 클릭하면 원하는 날짜와 시간을 지정하여 상담을 받을 수 있으며, 신청시 상담받고자 하는 글을 업로드하면 됩니다.
* 글쓰기교실 TEL.2123-6995~6, 백양관 217A호

*부서 : 학사지원팀
*전화번호 : 02-2123-2090, 2091, 2096, 2097"
기타,학적부 상의 주소를 변경하고 싶어요.,"학적부 상의 주소를 변경하기 위해서는 연세포탈서비스->학사관리시스템→학적→학생정보→기본정보수정에서 직접 수정 가능합니다.

*부서 : 학사지원팀
*전화번호 : 02-2123-2090, 2091, 2096, 2097"
기타,학점인정 사회봉사과목이 무엇인지 궁금합니다.,"학점인정사회봉사과목이란 학생의 사회 봉사활동 참여를 장려하고 학생의 봉사활동에 대한 책임감을 고취함으로써 지도자로서의 자질과 사회에 대한 책임의식을 함양하기 위하여 학교가 인정하는 사회봉사활동에 대하여 학점을 부여하는 과목입니다. 학기당 최대이수학점을 초과하여 수강이 가능하며(계절학기는 예외) 수업계획서는 별도로 등재되지 않습니다. 또한, 한번 NP를 받은 학생은 다시 수강할 수 없으며, 졸업학기 계절제 수업에 개설하는 사회봉사 교과는 수강할 수 없습니다.

*부서 : 학사지원팀
*전화번호 : 02-2123-2086, 2091, 2094, 2096, 2097"
기타,학점인정인턴십이 무엇인지 궁금합니다.,"산학협동현장실습(기간: 정규학기, 최대15학점인정)과 함께 학점으로 인정되는 인턴십(기간: 방학기간, 1학점)은 단기과정(최대 2개월)으로 계절학기에만 개설됩니다. 다만 수강신청을 하지 않고 개인적으로 행한 인턴십은 학점으로 인정되지 않으며, 수강신청 및 등록금 납부는 계절학기 일반교과목과 달리 6월(12월) 하순경에 별도기간을 두어 처리됩니다. 또한, 졸업사정이 진행되는 8학기자부터는 인턴십 과목을 수강할 수 없습니다. 장단기 인턴십을 통한 학점이수는 1회로 제한되며(산학협동현장실습과 학점인정인턴십의 교차 이수는 허용되지 않음) 계절학기 일반교과목과 학점인정인턴십을 병행할 수 없습니다. 사전직무교육은 기업체에서의 언행, 기본예절, 업무 기초지식 등을 전달하는 중요한 교육이므로 반드시 이수하여야 합니다. 인턴십 연계기업, 면접, 사전교육, 최종합격여부 등은 장학취업팀(2123-6675, http://career.yonsei.ac.kr)으로 문의하시기 바랍니다.

*부서 : 학사지원팀
*전화번호 : 02-2123-2090, 2091, 2096, 2097"
교원자격증,"교원자격증 재발급은 어디서, 어떻게 해야 하나요?","학번에 따라 다음과 같이 재발급 신청을 하시기 바랍니다.
- 88년까지의 졸업생 : 서울시교육청(02-399-9424)으로 문의
- 89년 이후 (89년포함) 졸업생 : 교무처 학사지원팀(02-2123-2090)으로 본인이 직접 방문하여 재발급신청서를 작성, 제출하여야 하며, 타인이 대리하는 경우에는 발급 당사자의 신분증을 지참하여야 함

*부서 : 학사지원팀
*전화번호 : 02-2123-2090, 2091, 2096, 2097"
교환학생,(국내) 교환대학에서 수학할 수 있는 자격은 어떻게 되나요?,"신촌캠퍼스 학생중 지원학기 이전학기까지의 학업성적이 3.0이상인 자로서 세부사항은 다음과 같습니다.
- 서강대, 이화여대 : 3학기 이상 7학기까지 재학생
- 그 외의 모든 대학 : 4학기 이상을 이수한 자
- 7학기를 이미 이수한 8학기부터는 교환대학에서 수학할 수 없음

*부서 : 학사지원팀
*전화번호 : 02-2123-2090, 2091, 2096, 2097"
교환학생,(국내) 교환대학에서 이수한 학점은 어떻게 인정받을 수 있습니까?,"교환대학에서 이수한 학점도 우리대학에서 이수한 학점과 동일하게 성적에 반영이 됩니다. 보통은 일반선택 학점으로 인정되며, 다음의 절차에 의하여 전공이나 교직학점으로 인정받을 수 있습니다.

<전공승인 절차>
파견전에 학생이 전공학과장의 전공과목 대체인정을 받고, 학과에서는 내용을 공문으로 작성하여 단과대학을 경유하여 교무처 학사지원팀으로 제출 학생은 파견기간 종료 후 3개월 이내에 학사지원팀에 “대체과목인정원“을 제출

<교직과목승인절차>
교직과목을 수강한 경우에는 파견기관 종료후 3개월 이내에 교육학과장 확인을 필한 “대체과목인정원”을 학사지원팀으로 제출

*부서 : 학사지원팀
*전화번호 : 02-2123-2090, 2091, 2096, 2097"
교환학생,(국내) 교환대학에서는 한 학기에 몇 학점까지 이수할 수 있나요?,"정규학기에는 본교와 교환대학의 학점을 통산하여 18학점까지 이수가 가능합니다. 단, 이대와 서강대의 경우에는 6학점까지만 이수가 가능합니다. 계절학기에는 모든 교환대학에서 7학점까지 이수가 가능하나, 본교나 교환대학 중 한 캠퍼스에서만 수강할 수 있습니다.

*부서 : 학사지원팀
*전화번호 : 02-2123-2090, 2091, 2096, 2097"
교환학생,(국내) 교환대학에서 수학하는 경우에 등록금은 어떻게 되나요?,"정규학기에는 본교에 등록금을 납부하고, 계절학기에는 수학하고자 하는 대학에서 책정한 수강료를 납부하여야 합니다.

*부서 : 학사지원팀
*전화번호 : 02-2123-2090, 2091, 2096, 2097"
교환학생,(국내) 교환대학에서 수강한 과목을 본교 과목의 재수강으로 인정받을 수 있나요?,"교환대학에서 이수한 과목은 본교에서 이수한 과목에 대한 재수강으로 인정되지 않으며, 본교에서 이수한 교과목과 동일한 내용의 교과목은 교환대학에서 이수할 수 없습니다.

*부서 : 학사지원팀
*전화번호 : 02-2123-2090, 2091, 2096, 2097"
교환학생,"(국내) 타 대학교에서 연세대학교로 교환학생 파견예정인데요, 수강신청 결과는 어떻게 확인할 수 있나요?","수강신청결과는 연세대학교 학사포탈 portal.yonsei.ac.kr에 로그인해서 조회가 가능합니다.
- 로그인 ID: 학번
- 구분알파벳+학번(뒤 8자리, 단, 전주대, 서울대는 7자리)
(고려대학교 K, 서강대학교 S, 서울산업대학교 A, 성균관대학교 G, 울산대학교 U, 이화여자대학교 E,
전주대학교J, 한국과학기술원 T, 한남대학교 H, 중앙대학교 C, 계명대학교 B, 서울대학교 N)
- 비밀번호: 자신의 주민등록번호 뒤 7자리

*부서 : 학사지원팀
*전화번호 : 02-2123-2090, 2091, 2096, 2097"
교환학생,(국내) 도서관 출입을 위한 아이디는 어디서 발급받을 수 있나요?,"중앙도서관 이용자통합서비스팀(108호)에서 소속대학 학생증에 바코드를 부여 받을 수 있습니다.
(단 도서 대출은 불가함)
*부서 : 학사지원팀
*전화번호 : 02-2123-2090, 2091, 2096, 2097"
계절제수업,계절제 수업 일정은 어떻게 되나요?,"여름방학과 겨울방학 중에 개설합니다. 일반적인 일정은 다음과 같습니다(개설 일정 변경이 있을 수 있습니다).
수요조사 : 4월 초(여름), 10월 초(겨울) - 3일간
수강신청 : 5월 중(여름), 11월 중(겨울) - 3일간
수강변경 : 5월 말(여름), 11월 말(겨울) - 2일간
등 록 : 6월 초(여름), 12월 초(겨울) - 3일간
수 업 : 6월 말~7월 중순 (여름), 12월 말~1월 중순 (겨울) 1일 2~3시간씩 수업.
성적등재 : 8월초 (여름), 2월 초 (겨울)
*부서 : 학사지원팀

*전화번호 : 02-2123-2090, 2091, 2096, 2097"
계절제수업,이번 학기 휴학생입니다. 계절제 수업 사회봉사 프로그램이나 현장실습 프로그램에 참여할 수 있습니까?,"휴학생도 학점인정을 위한 사회봉사나 현장실습 프로그램에 참가할 수 있습니다 (사회봉사 학점인정 시행세칙 제5조 2항, 현장실습 학점인정 시행세칙 제5조 4항).

*부서 : 학사지원팀
*전화번호 : 02-2123-2090, 2091, 2096, 2097"
계절제수업,이번 학기 졸업예정자입니다. 계절제 수업 사회봉사 프로그램이나 현장실습 프로그램에 참여할 수 있습니까?,"졸업예정자는 학점인정을 위한 사회봉사나 현장실습 프로그램에 참가할 수 없습니다. (계절제수업운영에 관한 시행세칙 제5조 3항, 사회봉사 학점인정 시행세칙 제5조 4항, 현장실습 학점인정 시행세칙 제5조 5항)

*부서 : 학사지원팀
*전화번호 : 02-2123-2090, 2091, 2096, 2097"
계절제수업,현장실습 프로그램에 관해 알고 싶습니다.,"현장실습은 총장이 인정하는 국내외 산업현장 또는 관련 기관과 소정의 협약에 따라 최소 160시간 이상으로 대학의 교육목적에 부합하는 현장 교육 및 실습을 의미합니다. 학점제 인턴십은 학생복지처 장학취업팀(02-2123-6676), 글로벌인턴십은 국제처(02-2123-4704, sap@yonsei.ac.kr)로 문의바랍니다.

*부서 : 학사지원팀
*전화번호 : 02-2123-2090, 2091, 2096, 2097"
계절제수업,학사경고자인데 면담을 해야 계절학기 신청이 가능한가요?,"직전학기 학사경고자는 정규학기 수강신청 전 지도교수 또는 학과장의 상담을 받아야 수강신청이 가능합니다. 그러나 계절학기는 상담을 받지 않고도 수강신청이 가능합니다.

*부서 : 학사지원팀
*전화번호 : 02-2123-2090, 2091, 2096, 2097"
계절제수업,졸업학점 중 계절학기로 들을 수 있는 학점 상한선이 있나요?,"졸업학점 중 계절학기로 들을 수 있는 학점의 상한선은 없습니다. 다만, 매번 개설되는 계절학기에 한번에 취득할 수 있는 최대 학점은 7학점으로 정해져 있습니다.

*부서 : 학사지원팀
*전화번호 : 02-2123-2090, 2091, 2096, 2097"
계절제수업,휴학 중 계절학기만 연속으로 수강 가능한가요?,"휴학 상태에서 계절학기 수강이 가능하므로 연속으로 이수할 수도 있습니다. 다만, 반드시 복학하여 한학기 등록을 마친 후에만 졸업이 가능합니다.

*부서 : 학사지원팀
*전화번호 : 02-2123-2090, 2091, 2096, 2097"
계절제수업,계절학기 개설과목은 언제 어떻게 알 수 있나요?,"여름 계절학기는 5월 초, 겨울 계절학기는 11월 초에 홈페이지를 통해서 당해 연도 개설과목이 공지됩니다. 계절학기는 정규학기와는 달리 매학기 수요조사를 통해서 강의수요를 파악한 후 개설과목을 결정하기 때문에 이보다 앞서 미리 조회할 수는 없으므로 학사포탈 수강편람조회를 통해서 과거학기에 개설된 과목리스트를 조회하여 참고하시기 바랍니다.

*부서 : 학사지원팀
*전화번호 : 02-2123-2090, 2091, 2096, 2097"
계절제수업,휴학생도 계절수업을 이수할 수 있나요?,"휴학중인 학생도 계절수업을 이수할 수 있습니다. 다만, 휴학중인 학생은 계절수업을 이수하고 졸업요건을 갖추었다 하더라도 곧바로 졸업할 수는 없습니다. 반드시 복학하여 한학기 등록을 마친 후에만 졸업이 가능합니다.

*부서 : 학사지원팀
*전화번호 : 02-2123-2090, 2091, 2096, 2097"
계절제수업,입대휴학생으로 전역을 앞두고 있는데 계절수업 이수가 가능 하나요?,"입대휴학중인 학생도 계절수업을 이수할 수 있습니다.

*부서 : 학사지원팀
*전화번호 : 02-2123-2090, 2091, 2096, 2097"
계절제수업,계절학기를 수강한 후 바로 졸업할 수 있나요?,"정규학기를 등록하고 졸업신청을 한 학생에 한하여 졸업이 가능하며, 계절학기를 포함하여 졸업사정이 이루어집니다. 따라서 2월에 졸업하고자 하는 경우 겨울 계절학기, 8월에 졸업하고자 하는 경우 여름 계절학기를 수강한 후 바로 졸업이 가능합니다.

*부서 : 학사지원팀
*전화번호 : 02-2123-2090, 2091, 2096, 2097"
계절제수업,계절학기 성적도 정규학기와 마찬가지로 인정되며 평량평균에 포함되나요?,"계절학기에 이수한 학점도 정규학기와 마찬가지로 A,B,C,D,F로 평가되어 성적표상에 등재 됩니다. 다만, 03학번 이전(03학번포함) 학생들의 계절학기 성적은 평량평균에는 포함되지 않으며, 04학번 이후 학생들의 계절학기 성적은 평량평균에 포함됩니다.

*부서 : 학사지원팀
*전화번호 : 02-2123-2090, 2091, 2096, 2097"
계절제수업,계절학기 바로 전 학기에 들은 과목은 계절학기 때 재수강이 안되나요?,"직전학기에 이수한 과목은 계절수업에서 재수강이 불가합니다.

*부서 : 학사지원팀
*전화번호 : 02-2123-2090, 2091, 2096, 2097"
계절제수업,계절학기도 수강취소가 되나요?,"계절학기는 단기간에 이루어지기 때문에 수강신청, 변경, 등록 등 계절학기 수강의 모든 절차를 완료한 이후에는 수강변경, 수강철회 및 등록취소를 허용하지 않습니다. 다만, 다음의 각호의 사유가 있을시 증빙서류 제출을 통하여 등록 취소를 허용합니다. 1. 기업체 인턴 또는 취업 2. 군입대자 3. 수술, 입원 또는 그에 준하는 질병으로 5일 이상 결석이 불가피할 때 등록금 납부영수증 및 관련증빙(인턴은 인턴증명서, 군입대는 입대영장, 질병은 진단서 및 의사소견서)을 첨부한 취소요청서를 수업지원부에 제출합니다. 등록취소시에는 취소시점에 따른 등록금을 반환합니다.

*부서 : 학사지원팀
*전화번호 : 02-2123-2090, 2091, 2096, 2097"
계절제수업,계절학기 수강신청 후에 등록을 하지 않게 되면 어떻게 되나요?,"계절학기는 수강신청을 하더라도 등록을 하지 않게 되면 수강을 취소한 것으로 간주되어 수강기록이 삭제됩니다.

*부서 : 학사지원팀
*전화번호 : 02-2123-2090, 2091, 2096, 2097"
계절제수업,계절학기도 수강철회제도가 있나요?,"계절학기는 단기간에 이루어지는 수업이므로 수강철회가 불가합니다.

*부서 : 학사지원팀
*전화번호 : 02-2123-2090, 2091, 2096, 2097"
계절제수업,본교생인데 원주캠퍼스에서도 계절학기 수강이 가능한가요? 원주에서 수강한 과목도 전공이나 학부선택으로 인정받을 수 있나요?,"계절학기에는 신촌캠퍼스나 원주캠퍼스 한 곳에서만 수강이 가능합니다(동일기간내 복수의 캠퍼스 수강은 불가). 원주캠퍼스에서 수강을 하시려면 원주학사포탈(http://uis.yonsei.ac.kr:8000/)에서 수강신청을 하셔야 합니다. 원주캠퍼스에서 수강한 교과목에 대한 학점인정여부(재수강포함)는 홈페이지 공지사항에 원주캠퍼스 계절학기 안내문이 게시될 때 함께 첨부된 개설과목 목록(엑셀표)의 맨우측에 신촌 학점인정 과목을 참고하시면 됩니다.

*부서 : 학사지원팀
*전화번호 : 02-2123-2090, 2091, 2096, 2097"
장학금,한국장학재단 학자금 대출 시 특별 추천은 어떤 경우에 받을 수 있나요?,"성적을 제외한 모든 조건을 충족하는 학생이 성적미달로 학자금 대출이 어려운 경우 2회에 한하여 학교의 특별 추천을 통해 학자금 대출을 받을 수 있습니다.

*부서 : 장학취업팀
*전화번호 : 학부 교내장학 02-2123-2127, 교외장학 2123-2126, 근로 및 학자금대출 2123-2128, 일반대학원 장학 2123-3234"
장학금,휴학시 근로 장학금을 받을 수 있나요?,"휴학생의 경우 국가 근로는 불가능하지만 교내 근로는 신청하여 선발될 경우 가능합니다.

*부서 : 장학취업팀
*전화번호 : 학부 교내장학 02-2123-2127, 교외장학 2123-2126, 근로 및 학자금대출 2123-2128, 일반대학원 장학 2123-3234"
장학금,"근로는 언제, 어떻게 신청할 수 있나요?","매 학기 수강신청 기간에 학사포탈에서 교내 근로 온라인 신청이 가능합니다. 국가 근로의 경우 국가장학금 신청기간과 동일하며 한국장학재단에서 온라인 신청이 가능합니다.

*부서 : 장학취업팀
*전화번호 : 학부 교내장학 02-2123-2127, 교외장학 2123-2126, 근로 및 학자금대출 2123-2128, 일반대학원 장학 2123-3234"
장학금,교재비는 언제 받나요?,"교재비는 미등록 일반휴학 접수마감일 이후(학기 시작 약 2주 후) 지급됩니다.

*부서 : 장학취업팀
*전화번호 : 학부 교내장학 02-2123-2127, 교외장학 2123-2126, 근로 및 학자금대출 2123-2128, 일반대학원 장학 2123-3234"
장학금,교환학생도 장학금을 받을 수 있나요?,"연세대학교에 등록을 하고 교환학생으로 가는 경우 교내/외 장학금 수혜가 가능합니다. 다만, 교환학생으로 해외대학에서 수학하는 2번째 이상 학기와 교환학생을 마치고 연세대학으로 복귀하는 학기는 진리(성적우수)장학금 신청이 불가합니다.

*부서 : 장학취업팀
*전화번호 : 학부 교내장학 02-2123-2127, 교외장학 2123-2126, 근로 및 학자금대출 2123-2128, 일반대학원 장학 2123-3234"
장학금,휴학시 취소된 장학금을 복학시 다시 수혜 받을 수 있나요?,"장학금 수혜 학생이 휴학하였다가 복학을 하더라도 해당 장학금을 다시 수혜받을 수는 없습니다. 다시 장학금을 신청해서, 재선정된 경우에만 장학금을 수혜받을 수 있습니다. (단, 4년 장학생 등 계속 장학생으로 선발된 경우 제외)

*부서 : 장학취업팀
*전화번호 : 학부 교내장학 02-2123-2127, 교외장학 2123-2126, 근로 및 학자금대출 2123-2128, 일반대학원 장학 2123-3234"
장학금,휴학시 장학금은 어떻게 되나요?,"장학금 수혜 학생이 휴학을 하게 되면 장학금(근로장학금 제외)이 취소됩니다. 미등록 일반휴학 접수마감일까지는 학사포탈시스템에서 휴학신청 시 장학금이 자동으로 취소되며, 미등록 일반휴학 접수마감일 이후부터는 학생증을 가지고 장학취업팀(학생회관 202호)에 방문하여 '장학금 취소 신청'을 해야 합니다. 장학금 취소 처리 후 학사포탈시스템에서 온라인 휴학 신청이 가능합니다.

*부서 : 장학취업팀
*전화번호 : 학부 교내장학 02-2123-2127, 교외장학 2123-2126, 근로 및 학자금대출 2123-2128, 일반대학원 장학 2123-3234"
장학금,초과학기에도 장학금을 받을 수 있나요?,"초과학기에는 교내 및 국가 장학금을 수혜할 수 없습니다.

*부서 : 장학취업팀
*전화번호 : 학부 교내장학 02-2123-2127, 교외장학 2123-2126, 근로 및 학자금대출 2123-2128, 일반대학원 장학 2123-3234"
장학금,장학금 신청 기간 및 방법은 어떻게 되나요?,"매 학기 기말고사 기간이 끝날 무렵 대학배정장학금(진리/자유) 신청기간을 학교 홈페이지 공지사항 및 장학 홈페이지 공지사항에서 안내하고 있습니다. 공지사항을 확인하시고 학사포탈에서 온라인으로 장학금을 신청하실 수 있습니다. 이와 별도로 국가장학금 또한 매 학기 기말고사 기간 전후로 신청기간을 학교 홈페이지 공지사항 및 장학 홈페이지 공지사항에서 안내하고 있습니다. 공지사항을 확인하시고 한국장학재단 홈페이지에서 온라인으로 국가장학금을 신청하시기 바랍니다.

*부서 : 장학취업팀
*전화번호 : 학부 교내장학 02-2123-2127, 교외장학 2123-2126, 근로 및 학자금대출 2123-2128, 일반대학원 장학 2123-3234"
장학금,장학금을 이중으로 수혜받을 수 있나요?,"종류가 다른 장학금의 이중수혜는 등록금 범위내에서만 가능하며, 이중수혜가 확인되면 이중수혜를 해소하기 전까지 장학금 지급 중지됩니다. 단, 근로 장학금은 등록금 범위와 상관없이 받을 수 있습니다.

*부서 : 장학취업팀
*전화번호 : 학부 교내장학 02-2123-2127, 교외장학 2123-2126, 근로 및 학자금대출 2123-2128, 일반대학원 장학 2123-3234"
장학금,장학금 (비)수혜확인서는 어떻게 발급 받나요?,"장학금 (비)수혜확인서는 연세공학원 1층 종합서비스센터 혹은 연세대학교 홈페이지 증명서 발급 화면에서 발급 가능합니다.

*부서 : 장학취업팀
*전화번호 : 학부 교내장학 02-2123-2127, 교외장학 2123-2126, 근로 및 학자금대출 2123-2128, 일반대학원 장학 2123-3234"
장학금,학사포탈에 계좌번호를 등록/변경하고 싶어요.,"연세포탈서비스 로그인 > 학사정보시스템 > 학사관리 > 등록 > 출력/등록 > 계좌번호 변경에서 등록/변경이 가능하며, 타인의 계좌번호는 등록이 불가능합니다.

*부서 : 장학취업팀
*전화번호 : 학부 교내장학 02-2123-2127, 교외장학 2123-2126, 근로 및 학자금대출 2123-2128, 일반대학원 장학 2123-3234"
장학금,장학금은 어떻게 지급 받게 되나요?,"등록금 납부 전 장학금이 확정된 경우 등록금 고지서에서 감면처리되고, 등록금 납후 후 장학금이 확정된 경우 학사포탈에 등록되어 있는 본인계좌로 계좌지급됩니다.

*부서 : 장학취업팀
*전화번호 : 학부 교내장학 02-2123-2127, 교외장학 2123-2126, 근로 및 학자금대출 2123-2128, 일반대학원 장학 2123-3234"
장학금,장학금 수혜내역은 어디에서 확인할 수 있나요?,"연세포탈서비스 로그인 > 학사정보시스템 > 학사관리 > 장학 > 장학내역조회에서 확인가능합니다.

*부서 : 장학취업팀
*전화번호 : 학부 교내장학 02-2123-2127, 교외장학 2123-2126, 근로 및 학자금대출 2123-2128, 일반대학원 장학 2123-3234"
장학금,연세대학교 장학금과 근로/대출 관련 정보는 어디에서 확인할 수 있나요?,"장학금, 근로 및 학자금 대출과 관련한 요약 정보는 연세대학교 공지사항과 장학 홈페이지 공지사항에서 매 학기 안내하고 있습니다. 그러나 세부 정보는 수시로 변할 수 있기 때문에 연세대학교 홈페이지 > 학사지원 > 장학금의 공지사항이나 해당 재단의 공지사항에서 확인하시기 바랍니다.

* 부서 : 장학취업팀
* 전화번호 : 학부 교내장학 02-2123-2127, 교외장학 02-2123-2126, 근로 및 학자금대출 02-2123-2128, 일반대학원 장학 02- 2123-3234"
복수전공/연계전공,온라인 민원에 대한 질문이 보여지는 곳입니다.,질문에 대한 답변이 보여집니다.
캠퍼스견학,대형버스 주차는 어디에 하나요?,"연세대학교 남문으로 들어오셔서 주차유도원의 안내를 받아 주차하시면 됩니다.

*부서 : 홍보팀
*전화번호 : 02-2123-8572"
증명서,전화나 이메일로 증명서 발송 요청이 가능한가요?,"◆ 전화나 이메일로 대리 발급하여 발송해 주는 서비스는 없습니다. 직접 인터넷 상에서나, 주민센터 팩스 민원을 이용하시기 바랍니다.

*부서 : 종합서비스센터
*전화번호 : 02-2123-3200~5
(단, 기타 부서 전화번호 문의는 전화교환실 02-2123-2114)"
증명서,학사포탈서비스 로그인시 비밀번호를 모르겠습니다. 어디로 연락해야 하나요?,"◆ 로그인 및 비밀번호 초기화 등의 문의는 학부는 교무처 학사지원팀, 대학원은 각 대학원 행정팀으로 연락하시기 바랍니다.

*부서 : 종합서비스센터
*전화번호 : 02-2123-3200~5
(단, 기타 부서 전화번호 문의는 전화교환실 02-2123-2114)"
증명서,인터넷증명발급 메뉴를 클릭하면 원본대조메뉴로 연결됩니다. 왜 그런가요?,"◆ 연세 학사포탈서비스 첫 화면에서 로그인 절차를 거치지 않았던 경우입니다. 반드시 로그인을 하셔야 합니다. 교직원증명이 아닌 학생의 로그인 시 아이디는 자신의 학번이며, 비밀번호는 학사포탈 비밀번호 (초기 비밀번호는 주민등록번호 뒷7자리이며, 82학번이전은 앞 6자리)입니다.

*부서 : 종합서비스센터
*전화번호 : 02-2123-3200~5
(단, 기타 부서 전화번호 문의는 전화교환실 02-2123-2114)"
증명서,무인증명발급기 설치 위치와 창구 직접 발급 어디로 가야 하나요?,"◆ 위치: 신촌캠퍼스 학생회관 앞 쪽에 백양로 지하공간 (명칭: 백양누리)으로 내려가는 에스컬레이터를 타고 내려오면 바로 왼편에 설치되어 있으며, 바로 오른쪽에는 창구 발급을 담당하는 종합서비스센터 행정팀 사무실이 자리하고 있습니다.
◆ 시간: 창구 발급은 업무 시간(평일 9:00~17:20)중에만 가능하나, 무인증명발급기는 백양누리 지하공간이 오픈된 시간 동안에는 언제나 이용가능 합니다.

*부서 : 종합서비스센터
*전화번호 : 02-2123-3200~5
(단, 기타 부서 전화번호 문의는 전화교환실 02-2123-2114)"
증명서,인터넷증명발급시 각종 에러 '증명서가 출력이 안됩니다. 또는 중복결제됐습니다.' 상황에서는 어떻게 해야 하나요?,"◆ 인터넷 증명서 발급시 문제점은 외부 협력업체와 직접 전화로 상담하여 해결하실 수 있습니다. 02-3153-7061(협력업체직통), 1644-2378 (자동응답)

*부서 : 종합서비스센터
*전화번호 : 02-2123-3200~5
(단, 기타 부서 전화번호 문의는 전화교환실 02-2123-2114)"
증명서,증명서 수령기관에서 Request Form등의 양식을 요구합니다. 학교에서 작성할 부분을 기입하여 같이 보내줄 수 있나요?,"◆ 인터넷즉시 발급이 아닌, 우편증명발송 신청할 때 비고란에 해당 서류 동봉 요청합니다.라는 문구를 적고, 해당 양식을 yservice@yonsei.ac.kr로 송부해 주시면, 이를 동봉하여 발송해드립니다.

*부서 : 종합서비스센터
*전화번호 : 02-2123-3200~5
(단, 기타 부서 전화번호 문의는 전화교환실 02-2123-2114)"
증명서,인터넷 증명 발급시 영문증명서를 발급이 불가능하다고 합니다. 왜 그런가요?,"◆ 영문 이름이 연세 학사포탈시스템에 등재되어 있지 않은 경우입니다. 해당 대학 행정팀으로 전화하시어 학적담당자를 찾아 본인 확인을 거친 뒤, 자신의 여권 영문 이름과 일치되게 입력 요청하시기 바랍니다. 영문명은 모든 학위 및 증명서에 공통 적용되는 관계로 가급적 여권명과 일치되게 알려주는 것이 좋습니다. 영문명 등재 원칙은 다음과 같습니다. 모두 대문자로 입력하고, 성과 이름 사이에는 콤마를 넣어 구분하며, 앞부분에는 성이, 뒷부분에는 이름이 등재되도록 통일하고 있습니다. 예1) HONG, GIL DONG, 예2) HONG, GILDONG

*부서 : 종합서비스센터
*전화번호 : 02-2123-3200~5
(단, 기타 부서 전화번호 문의는 전화교환실 02-2123-2114)"
증명서,계절학기 성적만 기재된 성적증명서를 발급받을 수 있나요?,"◆ 특정학기만 기재된 증명서는 발급되지 않습니다. 타학교 학생의 경우, 계절학기 성적자료를 본인의 대학으로 송부하므로 해당대학에서 확인 하시면 됩니다.

*부서 : 종합서비스센터
*전화번호 : 02-2123-3200~5
(단, 기타 부서 전화번호 문의는 전화교환실 02-2123-2114)"
증명서,학위증을 발급받을 수 있나요?,"◆ 학위증은 졸업때 1번만 발급되므로, 학위증명서 또는 졸업증명서를 발급받아 자신의 최종 학위를 증명하시기 바랍니다. 학위증 교부에 관한 추가 질문이 있을 경우에는 학부생은 교무처 학사지원팀, 대학원은 각 대학원 행정팀에 추가 문의바랍니다.

*부서 : 종합서비스센터
*전화번호 : 02-2123-3200~5
(단, 기타 부서 전화번호 문의는 전화교환실 02-2123-2114)"
증명서,전공/교양 성적이 구분 표기된 성적증명서가 발급되나요?,"◆ 우리대학교의 성적증명서는 전체 평량평균만 표기되며 과목종별로는 구분되지 않습니다. 전공/교양의 구분이 필요한 경우 교양은 교무처 학사지원팀과, 전공은 해당 학과에서 확인 가능하며, 성적산출 기준은 교무처 학사지원팀 (본관 지하1층, Tel. 2123-2096~7)에서 안내받으실 수 있습니다

*부서 : 종합서비스센터
*전화번호 : 02-2123-3200~5
(단, 기타 부서 전화번호 문의는 전화교환실 02-2123-2114)"
증명서,성적 및 졸업증명서를 외국대학으로 우편발송해 주는 서비스도 있나요?,"◆네, 학교에서 발급하는 증명서(성적/재학/졸업증명서 등)에 한해 외국대학으로 발송해드립니다. 다음의 두 가지 방법이 있습니다.
가. ""학교 학사포탈사이트(http://portal.yonsei.ac.kr) ▶ 로그인 ▶ 주요서비스 ▶ 인터넷증명발급 ▶ 인터넷 즉시출력과 우편증명발급 옵션에서 우편발송옵션을 선택 후 요구된 정보 (주소 등)를 입력하면 됩니다. 만약, 증명서 이외에 추가 서류 (WES, LSAT 등) 등 특정양식을 성적증명서 등과 함께 동봉 요청해야 할 경우에는 해당 추가 서류를 이메일(yservice@yonsei.ac.kr) 송부해야 신청당일 주셔야 합니다.
나. 종합서비스센터(공학원 1층)를 방문하여 해당서류를 봉인(sealing) 처리한 후 본인이 직접 우체국 또는 DHL 사무실(학생회관 1층)을 직접 방문하여 발송하시면 됩니다. 학교에서 발송했음을 증빙하기 위해서는 가급적 인터넷증명 옵션에서 우편발송을 이용하시면 됩니다.

*부서 : 종합서비스센터
*전화번호 : 02-2123-3200~5
(단, 기타 부서 전화번호 문의는 전화교환실 02-2123-2114)"
증명서,교환대학에서 이수한 과목이 성적표에 구체적으로 표기되나요?,"◆교환학생으로 파견되어 이수한 교과목은 우리대학교 성적표 상에 전체 인정학점만 표기되며, 구체적인 교과목명까지 표기되지는 않습니다 단, 학사포탈시스템의 성적 화면에서 대체인정 받은 교과목을 확인 및 출력할 수 있습니다.

*부서 : 종합서비스센터
*전화번호 : 02-2123-3200~5
(단, 기타 부서 전화번호 문의는 전화교환실 02-2123-2114)"
증명서,학사포탈에 영문성명은 어떻게 입력해야 되나요?,"◆ 해당 대학 행정팀으로 전화 또는 방문, 학적담당자를 찾아 본인 확인을 거친 뒤, 자신의 여권 영문 이름과 일치되게 입력 요청하시기 바랍니다. 영문명은 모든 학위 및 증명서에 공통 적용되는 관계로 가급적 여권명과 일치되게 알려주는 것이 좋습니다. 영문명 등재 원칙은 다음과 같습니다. 모두 대문자로 입력하고, 성과 이름 사이에는 콤마를 넣어 구분하며, 앞부분에는 성이, 뒷부분에는 이름이 등재되도록 통일하고 있습니다. 예1) HONG, GIL DONG, 예2) HONG, GILDONG

*부서 : 종합서비스센터
*전화번호 : 02-2123-3200~5
(단, 기타 부서 전화번호 문의는 전화교환실 02-2123-2114)"
증명서,이번 학기를 마치고 졸업할 예정입니다. 졸업예정증명서 또는 졸업증명서가 언제 발급이 되나요?,"◆ 졸업증명서는 졸업식날부터 발급이 가능하며, 졸업예정증명서는 ☞ 학 부 생: 졸업신청, 수강신청, 등록은 완료하고 당학기 수강신청 학점을 포함해서 졸업학점이 충족되면 발급가능; 계절학기 성적까지 포함해서 졸업학점을 충족할 경우에도 발급가능 ☞ 대학원생 : 논문을 제출하는 대학원은 예심 또는 본심이 통과되어야 발급이 가능하며 논문을 제출하지 않는 원생은 5학기 이상이면서 졸업 취득학점을 충족하는 경우 발급이 가능합니다

*부서 : 종합서비스센터
*전화번호 : 02-2123-3200~5
(단, 기타 부서 전화번호 문의는 전화교환실 02-2123-2114)"
증명서,증명발급을 하려면 학교를 꼭 방문해야 하나요?,"◆ 증명서 발급 서비스는 학적부와 교직원증명을 제외하면 모두 온라인으로 가능합니다. 현재, 인터넷(본교 학사포탈사이트와 민원24)을 이용해서 본인이 직접 발급할 수 있으며, 증명수수료 결제는 휴대폰 또는 신용카드로 가능합니다.
◆ 연세 학사포탈사이트 (로그인 필수) ▶ IT주요서비스 ▶ 인터넷증명발급 순으로 클릭하신 후 별도의 증명발급신청프로그램을 자신의 컴퓨터에 설치하시고 절차에 따라 진행하시면 됩니다.
※ 인터넷증명발급은 대학, 관공서, 협회 등 각종기관에서 발급하고 있는 증명서를 DRM, 위/변조방지, 출력제어, 화면제어 등의 보안기술을 통해 민원인이 인터넷으로도 법적 효력을 갖는 증명서를 어디 서나 출력할 수 있도록 하는 서비스입니다. 오프라인발급 증명서는 학교전용증명용지를 사용하고 있는 반면, 인터넷증명발급은 하단 좌,우측에 Optical watermark 처리를 통해 인터넷증명서의 법적 효력을 발휘하는 차이가 있습니다.

*부서 : 종합서비스센터
*전화번호 : 02-2123-3200~5
(단, 기타 부서 전화번호 문의는 전화교환실 02-2123-2114)"
증명서,대학원을 졸업했는데 증명서는 어디서 발급받을 수 있나요?,"◆ 인터넷증명발급으로 본인이 직접 개인프린터로 출력할 수도 있고, 인터넷증명신청을 이용하여 우편으로 받아볼 수도 있습니다.
◆ 학교를 방문 할 경우에는 2006.5.1일부로 대학원의 모든 제증명 발급업무가 종합서비스센터로 이관된 관계로 종합서비스센터로 방문하시면 즉시발급 가능합니다. (무인 자동발급기 이용은 365일 가능)

*부서 : 종합서비스센터
*전화번호 : 02-2123-3200~5
(단, 기타 부서 전화번호 문의는 전화교환실 02-2123-2114)"
증명서,의과대학 학생이 증명발급을 하려면 어디로 가야되나요?,"◆ 증명발급은 인터넷을 이용해서 본인이 직접 출력할 수도 있고 우편수령으로 신청할 수도 있으며, 학교방문(종합서비스센터)시에는 즉시발급 가능합니다.
◆ 석차가 기재된 성적증명서는 인터넷증명발급서비스나 종합서비스센터 창구에서만 가능합니다.
◆ 82학번 이전 의과.치과.간호대학 졸업생은 해당 소속대학 교학과에서 발급합니다.

*부서 : 종합서비스센터
*전화번호 : 02-2123-3200~5
(단, 기타 부서 전화번호 문의는 전화교환실 02-2123-2114)"
증명서,원주캠퍼스 학생도 신촌에서 증명발급 가능한가요?,"◆ 가능합니다. 단, 원주 의과.간호대학의 모든 제 증명은 해당 소속대학 교학과에서 발급합니다

*부서 : 종합서비스센터
*전화번호 : 02-2123-3200~5
(단, 기타 부서 전화번호 문의는 전화교환실 02-2123-2114)"
증명서,교육비 납입증명서는 어디서 발급받을수 있나요?,"◆개별적으로 학사포탈시스템 ▶ 학사관리 ▶ 로그인 ▶ 등록 에서 직접 출력할 수도 있고, 총무처 재무회계팀에 방문하여서 교육비납입증명서를 발급받을 수도 있습니다. • 또한, 국세청 홈페이지에서도 출력 가능합니다. (http://www.yesone.go.kr)

*부서 : 종합서비스센터
*전화번호 : 02-2123-3200~5
(단, 기타 부서 전화번호 문의는 전화교환실 02-2123-2114)"
증명서,교직원 증명서도 발급기에서 발급할 수 있나요?,"현재 교직원 증명은 학사포탈 인터넷 증명을 통해 발급할 수 있으며, 종합서비스센터 방문시에도 발급가능하나, 발급기에서는 현재 발급이 되고 있지 않습니다. ""학교 학사포탈사이트(http://portal.yonsei.ac.kr) ▶ 로그인 (ID: 교직원번호, PW: 초기 비밀번호는 주민번호뒷7자리) ▶ IT 서비스 ▶ 인터넷증명발급 ▶ 재직, 경력, 퇴직, 강의경력 증명서

*부서 : 종합서비스센터
*전화번호 : 02-2123-3200~5
(단, 기타 부서 전화번호 문의는 전화교환실 02-2123-2114)"
증명서,"인터넷이나, 발급기를 통해 발급가능한 증명서는?","◆ 다양한 종류의 증명서가 발급이 가능합니다. 학생별로 발급이 가능한 증명서의 종류가 다소 차이가 있사오니, 확인이 필요한 경우, 인터넷 증명 발급절차에 따라 진행하시면 자신이 출력가능한 증명서를 볼 수 있습니다(연세 학사포탈사이트 (로그인 필수) ▶ IT주요서비스 ▶ 인터넷증명발급)
◆ 인터넷 및 발급기에서 발급가능한 증명서: 재학 및 재적증명서, 성적증명서(4.5환산 포함), 졸업증명서 (석사 이상부터는 학위수여증명서), 수료증명서, 장학(비)수혜증명서, 법학과목취득증명서, 재학조교증명서
◆ 창구에서만 발급 가능한 증명서: 학적부 (종합서비스센터 창구)

*부서 : 종합서비스센터
*전화번호 : 02-2123-3200~5
(단, 기타 부서 전화번호 문의는 전화교환실 02-2123-2114)"
증명서,자신의 학적상 국문 이름 또는 주민등록번호를 변경해야 할 경우는 어떻게 해야 하나요?,"◆ 증명서에 나오는 학적 인적 자료의 변경 업무를 담당하는 곳은 학부생 (재학 및 졸업생 모두)일 경우는 교무처 학사지원팀이 담당하며, 대학원생 (재학 및 졸업생 모두)일 경우에는 각 대학원 행정팀이 담당하고 있사오니 참고하시기 바랍니다.

*부서 : 종합서비스센터
*전화번호 : 02-2123-3200~5
(단, 기타 부서 전화번호 문의는 전화교환실 02-2123-2114)"
ID카드,"신입생(학부, 대학원, 복수전공생, 편입생 포함)인데, 학생증은 어떻게 발급 받나요?","◆ 연세 학사포탈서비스▶[학사정보 시스템]▶[학생증 발급] (우리은행 ID카드 발급신청 페이지로 자동연결)신청서를 작성하고, 관련 약관 및 기본 정보 확인 후 신청서(ID카드 발급신청서, 거래신청서, Uni체크카드회원 가입신청서)를 출력하여 자필 서명하고 우리은행 연세지점에 제출하면 됩니다.

*부서 : 종합서비스센터
*전화번호 : 02-2123-3202~4"
ID카드,지금 휴학중인데 학생증 발급가능한가요?,"◆ 휴학중에도 발급 가능합니다. 학생증 재발급 방법과 동일합니다.

*부서 : 종합서비스센터
*전화번호 : 02-2123-3202~4"
ID카드,"학생증을 재발급 신청했는데, 그동안 중앙도서관 출입은 어떻게 하나요?","◆ 학술정보원 (새 중앙도서관) U라운지(3310)에 방문하여, 신분증 지참후 임시학생증을 발급받습니다. 발급된 임시학생증의 사용기간은 2주이며, 학생증 재발급을 받은 후 임시 학생증은 즉시 반납하여야 합니다.

*부서 : 종합서비스센터
*전화번호 : 02-2123-3202~4"
ID카드,학생증이 아직 발급되지 않았을 때 전자출결은 어떻게 되나요?,"◆ 학생증이 아직 발급되지 않아 전자출결을 하지 못할 경우 해당 교과목 교수님이나 조교분께 말씀드리고 출결확인을 하시기 바랍니다.

*부서 : 종합서비스센터
*전화번호 : 02-2123-3202~4"
ID카드,학생증 재발급 신청은 어떻게 하나요?,"◆ 연세포탈서비스->[학사정보 시스템]->[학생증 발급]->[학생증/신분증관리]->[재발급 카드 신청]->[약관동의]->[학생증 신청] 재발급 신청시 다른 서류제출은 필요하지 않습니다. 재발급 신청한 후 약 1주일 후에 연세지점or국제지점 우리은행에서 수령하면 됩니다. 재발급의 경우에는 5,000원의 수수료가 부과됩니다.

*부서 : 종합서비스센터
*전화번호 : 02-2123-3202~4"
ID카드,"학생증을 분실했는데, 분실신고는 어떻게 하나요?","◆ 학생증에는 ID기능(전자출결, 도서관출입 등)과 금융기능이 있으므로 학교와 은행 양쪽 모두에 반드시 신고해야 합니다. * 학교 : 연세포탈서비스->[학사정보 시스템]->[학생증 발급]->[분실/훼손 관리]->[분실/훼손 신고]-> [등록] or (신촌캠퍼스 : 02-2123-3205, 원주캠퍼스 : 033-760-2166)로 분실 신고 * 은행: 우리은행 콜센터(1588-9955)로 분실 신고 또는 신분증 지참 후 가까운 우리은행 지점 방문.

*부서 : 종합서비스센터
*전화번호 : 02-2123-3202~4"
ID카드,학생증에 사진을 바꾸려면 어떻게 해야 하나요?,"◆ 연세포탈서비스->[학사정보 시스템]->[학생증 발급]->[학생증/신분증 관리]->[사진 변경 이력]->[등록] ->[파일열기]->[사진 업로드]->관리자의 승인(하루 소요) 후 사진변경 완료됩니다. 여기에서 사진을 변경하면 학사포탈시스템의 사진도 자동으로 변경됩니다.

*부서 : 종합서비스센터
*전화번호 : 02-2123-3202~4"
ID카드,새로 바뀐 학생증은 교통카드 기능이 있나요?,"◆ 학생증 자체에 충전식 교통카드로 되어있습니다.

*부서 : 종합서비스센터
*전화번호 : 02-2123-3202~4"
ID카드,학생증이 바뀐다던데 재학생도 재발급 받아야하나요?,"◆ 2008년 1학기 신입생부터 학생증이 신분증 기능 외에 전자화폐(K-Cash), 체크카드, 도서관 및 기숙사 출입통제, 전자출결 등 학교생활의 편의성을 제공하는 다기능카드로 발급됩니다. 재학생들은 반드시 재발급 받으실 필요는 없습니다.

*부서 : 종합서비스센터
*전화번호 : 02-2123-3202~4"
증명서,대리인을 통한 증명서 발급이 가능한가요?,"◆ 네, 가능합니다. 두가지 방법이 있습니다.
가. 발급기를 통한 발급: 별도 서류없이 위임받은 대리인이 직접 발급기에 의뢰인의 정보 (학번과 학사포탈비밀번호)를 입력해서 발급을 받을 수 있습니다.
나. 창구 교직원을 통한 발급: 가족 관계나 교직원 여부와 상관없이 아래 3가지 서류를 반드시 지참할 경우에만 발급 가능
1. 대리인 신분증 (여권, 주민증, 운전면허증)
2. 발급 대상자의 신분증
3. 위임장 (발급대상자가 직접 작성하고 서명해야 함)

*부서 : 종합서비스센터
*전화번호 : 02-2123-3200~5
(단, 기타 부서 전화번호 문의는 전화교환실 02-2123-2114)"
캠퍼스견학,초등학생도 정기견학이 가능한가요?,"초등학생들의 경우, 대부분의 학생들이 캠퍼스투어 프로그램에 집중하지 못하고, 흥미를 가지지 못하여 다른 투어객 분들이나 재학생들에게 오히려 불편을 끼치는 경우가 많습니다. 주말을 이용한 자율투어를 권유해 드립니다. *부서 : 홍보팀
*전화번호 : 02-2123-8572"
캠퍼스견학,직업체험 또는 진로체험의 형식으로 투어를 진행하나요?,"아닙니다. 저희가 실시하는 단체 및 정기 견학은 순수 학교 소개용 캠퍼스 투어이며, 직업체험 등의 성격으로 확인서를 발급해 드리지 않습니다. 다만, 실내에서 하는 프로그램 중 간단한 학과소개가 포함되어 있습니다.

*부서 : 홍보팀
*전화번호 : 02-2123-8572"
캠퍼스견학,I.N.延에서 입시관련 사항에 대한 자세한 설명을 해주시나요?,"입시에 관한 사항은 민감한 부분이므로 학생홍보대사인 IN延에서 안내해 드리지는 않습니다. 자세한 입시 정보는 입학처 홈페이지 (http://admission.yonsei.ac.kr) 또는 입학상담실 (02-2123-4131)로 연락하시면 됩니다.

*부서 : 홍보팀
*전화번호 : 02-2123-8572"
캠퍼스견학,비용이 드나요?,"단체 견학 및 정기 견학은 모두 무료입니다. 간혹 비용을 받고 견학을 오는 단체가 있어 물의를 빚고 있습니다. 이러한 단체가 적발될 경우 저희 학교에서는 견학을 취소할 수도 있으니 이점 양지하시기 바랍니다.

*부서 : 홍보팀
*전화번호 : 02-2123-8572"
캠퍼스견학,관심학과를 직접 가볼 수 있나요?,"견학 내용 중 간단한 학과소개는 있으나 그 학과를 직접 방문하는 것은 불가합니다. 또한 학생홍보대사와 동행하지 않고 무단으로 건물을 출입하는 등 면학분위기를 저해하는 행동은 불허합니다.

*부서 : 홍보팀
*전화번호 : 02-2123-8572"
캠퍼스견학,정기 견학 모이는 장소는 어디인가요?,"연세대학교 정문에서 직선으로 뻗어있는 백양로를 따라 약 200미터 가량 올라오시면 백양누리(건물번호 130번)가 있습니다. 예약하신 시간에 백양누리 동문광장에서 학생홍보대사를 만나실 수 있습니다.

*부서 : 홍보팀
*전화번호 : 02-2123-8572"
캠퍼스견학,단체 견학 모이는 장소는 어디인가요?,"연세대학교 정문에서 직선으로 뻗어있는 백양로를 따라 약 200미터 가량 올라오시면 백양누리(건물번호 130번)가 있습니다. 예약하신 시간에 백양누리 동문광장에서 학생홍보대사를 만나실 수 있습니다. .

*부서 : 홍보팀
*전화번호 : 02-2123-8572"
캠퍼스견학,신청하지 않고 방문해도 되나요?,"죄송합니다. 최근 신청하지 않고 무단으로 방문하는 단체가 많아 면학분위기에 지장을 주고 있으며, 이에 따라 저희 재학생들의 불만도 늘어나고 있습니다. 그러므로 홈페이지에 신청한 학교만 방문을 허가하고 있으니 양해하여 주시기 바랍니다.

*부서 : 홍보팀
*전화번호 : 02-2123-8572"
캠퍼스견학,신청결과 확인은 어떻게 하나요?,"“견학신청 예약확인”에서 신청하신 이메일 주소로 확인하실 수 있습니다.

*부서 : 홍보팀
*전화번호 : 02-2123-8572"
캠퍼스견학,"연세대학교 견학 전, 후에 학교 식당에서 식사 가능하나요?","식사를 하실 수 있습니다. 다만, 재학생들이 집중적으로 몰리는 시간(12:00~13:00)에는 식당이 혼잡하므로 이 시간대에는 피해 주시기 바라며 사전에 교내식당으로 문의하시기 바랍니다. (02-2123-4073)

*부서 : 홍보팀
*전화번호 : 02-2123-8572"
캠퍼스견학,연세대학교로 견학올 때 주차 요금은 모두 무료인가요?,"아닙니다. 사전에 신청한 단체의 대형버스에 한하여 별도의 주차비 없이 주차 가능하며, 개인 승용차를 가지고 오시는 경우 부득이 주차요금을 징수하오니 가능하면 대중교통을 이용하여 주시기 바랍니다. 또한 사전에 견학신청을 하지 않고 방문하는 대형 버스는 주차 요금을 징수합니다.

*부서 : 홍보팀
*전화번호 : 02-2123-8572"
도서관,학술정보원(도서관) 이용 시 장애인을 위한 서비스에 대해 알고 싶습니다.,"학술정보원(도서관)에서는 서가에서 직접 자료를 쉽게 찾아보기 어려운 장애인를 위하여 모든 도서관 소장자료를 대상으로 필요한 자료를 한 곳에서 열람하고 대출할 수 있도록 하는 One stop 서비스를 시행하고 있습니다. 1. 이용대상 : 서가에 직접 접근이 어려운 장애인
2. 서비스내용 : 단행본 도서의 대출 및 연속간행물, 참고도서의 열람 등 도서관 소장자료의 One stop 서비스
3. 이용방법 가. 도서대출 : 필요한 도서를 홈페이지에서 검색하여 대출가능 도서임을 확인한 후, 서명, 저자, 청구기호 및 방문예정시간을 지정하여 전화 또는 메일로 신청한 후 U-라운지 이용자통합서비스센터에서 대출. 나. 연속간행물 및 참고자료 열람 : 필요한 자료의 소장여부를 확인한 후 도서대출 신청과 같은 방법으로 신청하여 열람 및 복사 이용.
4. 유의사항 신청 1시간 이후부터 U-라운지 이용자통합서비스센터에서 바로 대출하거나, 열람, 복사할 수 있으며, 오후 5시 이후에 신청한 자료는 다음날 오전에, 토, 일요일에 신청한 자료는 월요일 오전에 대출 및 열람이 가능합니다.
5. 신청 및 문의 이용자통합서비팀(Tel : 2123-3311 ) E-mail : library1@yonsei.ac.kr

*부서 : 학술정보원
*전화번호 : 02-2123-6100"
도서관,타대학 학생인데 연세대학교 학술정보원(도서관)을 이용할 수 있나요?,"우리학교와 협약을 맺은 대학에 한하여 이용이 가능합니다.
1) 신촌지역 3개 대학(서강대학교, 이화여자대학교, 홍익대학교) 학생은 소속 대학 학생증으로 우리 도서관 출입이 가능합니다
2) 학술정보교류협의회 4개대학(고려대학교, 경희대학교, 성균관대학교, 한양대학교)은 대학원생의 경우 소속 학생증으로 우리 도서관 출입이 가능하지만 학부생은 ""자료열람의뢰서""를 발급받아서 학생증과 함께 가져오셔야 합니다
3) 학부, 대학원의 교환학점 수강대학: 고려대, 이화여대 서강대, KAIST, 국방대학원, 성균관대 학생 중 우리학교에서 교환학점을 수강할 경우에는 소속대학 학생증만으로 우리 대학의 도서관을 들어오실 수 있습니다. 경우에 따라 대출도 가능하며 이와 관련한 자세한 내용은 학술정보원 이용자통합서비스센터(t. 2123-6100)으로 문의하세요.

*부서 : 학술정보원
*전화번호 : 02-2123-6100"
도서관,일반인(외부인)이 연세대학교 학술정보원(도서관)을 이용할 수 있나요?,"일반인(외부인)의 경우 도서관 회원제 서비스에 가입하시면 도서관에서 제공하는 각종 서비스를 받을 수 있습니다. 회원제서비스는 1년 단위로 선착순 100명을 모집하며 연회비는 30만원입니다. 도서 대출은 5책 15일간 이용가능하며 자료열람실의 이용이 가능합니다. 회원제 가입 이외에 우리 도서관에만 있는 자료를 열람하고자 할 경우에는, 일일단위의 출입이 가능합니다, 자료열람실 개방시간동안 학술정보관1층 유라운지 쪽 출입안내 데스크에 신분증을 맡기고 인적사항을 기재하신 후 임시출입증을 교부받아 자료열람실에 들어갈 수 있습니다. 보다 자세한 사항은 학술정보원 홈페이지 http://library.yonsei.ac.kr을 참고해주세요.

*부서 : 학술정보원
*전화번호 : 02-2123-6100"
도서관,학술정보원(도서관)의 운영 시간은 어떻게 되나요?,"학술정보원(도서관)의 운영시간은 학기 중은 월-금: 오전 9시~오후 10시, 토: 오전 9시~오후 5시입니다. 방학 중은 월-금: 오전 9시~오후 8시, 토: 오전 9시~오후 5시입니다. 일요일/공휴일은 휴관이나 중앙도서관 1층의 24시 열람실은 연중 24시간 운영합니다. 보다 자세한 사항은 학술정보원 홈페이지 http://library.yonsei.ac.kr을 참고해주세요.

*부서 : 학술정보원
*전화번호 : 02-2123-6100"
도서관,졸업생(동문)의 경우 학술정보원(도서관)이용과 대출이 가능한가요?,"졸업생의 경우 신촌캠퍼스를 포함한 국제캠퍼스 도서관의 도서를 대출하기 위한 신청방법은 두가지가 있습니다. 첫번째는 졸업생 연회원으로서 이용하는 방법, 두번째 총 동문회 평생회비 납부자로서 이용하는 방법입니다. 먼저 졸업생 연회원으로 이용하시려면 연회비(발전기금)를 내시고 1년간 도서대출 및 시설이용을 하시면 됩니다. 두번째로 총 동문회 평생회비 납부자로서 이용하시려면 우선 동문회에 평생회비(lifetime membership fee)를 납부하신 후 ‘평생회원’이 되신 후 도서관 이용신청을 하시면 가능합니다. 신청장소는 신촌캠퍼스는 연세•삼성 학술정보관 1층 유라운지 내에 있는 이용자통합서비스데스크에서, 국제캠퍼스는 언더우드기념도서관 1층 이용자통합서비스데스크로 오시면 대출증을 발급해드립니다. 참고로, 일회성 방문이나 단발성 연구 목적의 인쇄자료 복사는 언제든 가능합니다. 자료의 대출이 아닌 시설이용의 경우, 학생증을 소지하고 있는 졸업생의 경우, 도서관을 이용하고자 할 떄에는 학술정보원 출입구에서 신분증과 ""일일출입증""을 교환하여 받으시고, ""일일출입증""으로 좌석배정을 받아서 일반 열람실을 이용할 수 있습니다(딴, 시험기간 제외), 다만 일반 재학생들의 경우처럼 카드를 인식하고 출입은 되지 않습니다. 보다 자세한 사항은 학술정보원 홈페이지 http://library.yonsei.ac.kr을 참고해주세요.

*부서 : 학술정보원
*전화번호 : 02-2123-6100"
성폭력/성평등,성폭력예방교육은 어떻게 이루어지나요?,"성폭력예방교육은 학생, 직원, 교원들을 대상으로 매년 의무교육을 실시하고 있습니다. 개인 또는 학내 그룹(동아리, 학과, 직원 모임 등)에서 성폭력예방교육을 받기 원하는 경우 성평등센터 상담실로 교육 의뢰를 하실 수 있습니다.

*부서 : 성평등센터
*전화번호 : 02-2123-2118"
성폭력/성평등,성평등센터 상담실은 연세 구성원 누구나 이용할 수 있나요?,"성평등센터 상담실은 연세대학교에 소속된 학생, 직원, 교원 모두 이용 가능합니다.

*부서 : 성평등센터
*전화번호 : 02-2123-2118"
성폭력/성평등,성폭력 상담 및 신고 절차는 어떻게 이루어지나요?,"성폭력 상담을 원하시는 경우 사전 약속 후 성평등센터로 내방하시거나 전화나 이메일을 통하여 상담이 가능합니다. 성폭력사건은 본인 또는 제 3자가 신고할 수 있으며 조사 절차는 학내 규정에 의거하여 이루어집니다. 조사 과정에서 신고인, 피신고인, 참고인의 신상정보는 비밀 보장됩니다. (helper@yonsei.ac.kr)

*부서 : 성평등센터
*전화번호 : 02-2123-2118"
장애학생지원,학내 장애인 편의시설에는 어떠한 것들이 있나요?,"연세대학교에는 지체 및 뇌병변, 시각, 청각 장애인을 위한 각종 편의시설이 구비되어 있습니다. 지체 및 뇌병변 장애인을 위한 엘리베이터, 경사로, 자동문, 장애인화장실 등이 있고, 시각장애인을 위한 점자 유도블럭, 점자안내판, 촉지도 등이 있으며, 청각장애인을 위한 시각 경보등이 있습니다. 이와 같은 학내 장애인 편의시설이 고장나거나 문제가 발생하게 되면, 장애학생지원센터 또는 시설처, 해당 건물 경비실에 신고하여, 장애인이 이용하는데 불편함이 없도록 해 주시기 바랍니다.

*부서 : 장애학생지원센터
*전화번호 : 02-2123-3633~4"
장애학생지원,"장애학생도우미는 어떻게 신청하고, 어떤 활동을 하나요?","장애학생도우미는 본교 장애학생의 학업수행 및 대학생활을 위한 강의대필, 이동지원, 생활지원, 교재제작지원 등의 활동을 수행하게 됩니다. 매 학기 수강신청 기간 전 주부터 본교 홈페이지(메인, 장애학생지원센터, 취업팀 등)에 모집공고가 게시됩니다. 특히, 2015학년도부터 장애학생도우미는 한국장학재단에 국가근로로 등록되게 되어, 다른 교내 근로와 중복으로 활동이 어려우며, 국가근로장학생에 준하는 절차를 수행하게 됩니다. 또한, 장애학생도우미는 본교(신촌/국제) 재학생이 활동할 수 있습니다.

*부서 : 장애학생지원센터
*전화번호 : 02-2123-3633~4"
도서관,언더우드기념도서관에 소장된 모든 도서를 신촌캠퍼스에서 대출하여 볼 수 있나요?,"언더우드기념도서관 4층 창의열람실에 소장된 자료 중, 강의도서와 신간도서 등 일부자료는 국제캠퍼스 내에서만 빌려볼 수 있습니다. 이렇게 정한 이유는, 아직 신촌에 비해 소장자료가 많지 않은 점과, 재학생에 비해 자료이용이 익숙하지 않은 신입생들의 자료이용 편의를 고려하였기 때문입니다. 나머지 일반 도서들은 홈페이지에서 예약신청하면 24시간 이내에 배송서비스를 통하여 신촌에서도 대출할 수 있습니다.

*부서 : 언더우드기념도서관
*전화번호 : 032-749-3300~1"
도서관,언더우드기념도서관에서 빌린 책을 신촌캠퍼스 도서관에서 반납해도 되나요?,"자료는 빌린 곳에서 반납하는 것이 원칙이나, 두 캠퍼스를 모두 이용하는 이용자들의 편의를 위해 신촌캠퍼스 연세•삼성 학술정보관 1층 유라운지 내에 있는 이용자통합서비스데스크와 국제캠퍼스 언더우드기념도서관 1층 이용자통합서비스데스크에서 각각 양 캠퍼스 자료를 모두 반납 받고 있습니다. 주의하실 점은 반납 시 다른 캠퍼스 소속 자료임을 담당자에게 알려주셔야 합니다. 예를 들어 신촌에서 국제캠퍼스 자료를 반납하실 때에는, 유라운지내에 있는 이용자통합서비스데스크를 이용하시고 반드시 국제캠퍼스 소장 도서임을 밝혀주시기 바랍니다.

*부서 : 언더우드기념도서관
*전화번호 : 032-749-3300~1"
도서관,국제캠퍼스 학생이 신촌캠퍼스 학술정보원(도서관)도서관의 소장자료를 대출하는 방법이 있나요?,"국제캠퍼스 소속 학생들과 교직원들은 신촌캠퍼스 도서관 소장 자료를 “예약”기능을 통하여 국제캠퍼스로 배송 요청할 수 있습니다. 학기 중에는 하루 1~2회, 방학 중에는 하루 1회 셔틀버스를 통해서 배송요청된 도서가 언더우드기념도서관 1층 이용자통합서비스데스크로 배달됩니다.

*부서 : 언더우드기념도서관
*전화번호 : 032-749-3300~1"
도서관,졸업생(동문)의 경우 언더우드기념도서관의 도서를 대출할 수 있나요?,"졸업생의 경우 연세대학교 학술정보원의 모든 규정이 동일하게 적용됩니다. 신촌캠퍼스를 포함한 국제캠퍼스 도서관의 도서를 대출하기 위한 신청방법은 두가지가 있습니다. 첫번째는 졸업생 연회원으로서 이용하는 방법, 두번째 총 동문회 평생회비 납부자로서 이용하는 방법입니다. 먼저 졸업생 연회원으로 이용하시려면 연회비(발전기금)를 내시고 1년간 도서대출 및 시설이용을 하시면 됩니다. 두번째로 총 동문회 평생회비 납부자로서 이용하시려면 우선 동문회에 평생회비(lifetime membership fee)를 납부하신 후 ‘평생회원’이 되신 후 도서관 이용신청을 하시면 가능합니다. 신청장소는 신촌캠퍼스는 연세•삼성 학술정보관 1층 유라운지 내에 있는 이용자통합서비스데스크에서, 국제캠퍼스는 언더우드기념도서관 1층 이용자통합서비스데스크로 오시면 대출증을 발급해드립니다. 참고로, 일회성 방문이나 단발성 연구 목적의 인쇄자료 복사는 언제든 가능합니다.

*부서 : 언더우드기념도서관
*전화번호 : 032-749-3300~1"
도서관,언더우드기념도서관의 운영 시간은 어떻게 되나요?,"언더우드기념도서관의 운영시간은 학기 중은 월-금: 오전 8시 30분~오후 9시 30분 토: 오전 9시~오후 5시입니다. 방학 중은 월-목: 오전 9시~오후 8시, 금: 오전 9시~오후 6시, 토/일요일은 휴관입니다. 도서관 이용에 대한 보다 자세한 사항은 언더우드기념도서관 홈페이지 http://uml.yonsei.ac.kr 을 방문해주세요

*부서 : 언더우드기념도서관
*전화번호 : 032-749-3300~1"
생활관,생활관과 신촌역을 연결하는 교통편이 있나요?,"생활관 근처 서대문구청 정류장에서 버스 이용시 20분 내외로 신촌역에 도착 가능합니다.

*부서 : 생활관
*전화번호 : 02-2123-3601~3,3622"
생활관,생활관 벌점 규정이 있나요?,"생활관 입사시 배부하는 안내책자 내 상세 내용이 기재되어 있으며 누적 벌점 6점 이상 시 강제 퇴사 대상이 됩니다.

*부서 : 생활관
*전화번호 : 02-2123-3601~3,3622"
생활관,입사 신청 시기를 놓쳤는데 중간 입사가 가능한가요?,"중도 퇴사로 인한 결원 발생시 중간 입사자를 선발하오니 학기 초 생활관 홈페이지를 참고 하시기 바랍니다.

*부서 : 생활관
*전화번호 : 02-2123-3601~3,3622"
생활관,룸메이트를 선택할 수 있나요?,"공지된 호실 배정일에 선발을 거쳐 입사가 확정된 친구와 함께 룸메이트 신청을 하실 수 있습니다.

*부서 : 생활관
*전화번호 : 02-2123-3601~3,3622"
생활관,생활관은 어디에 있나요?,"연세대학교 북문 쪽에 위치해 있습니다.

*부서 : 생활관
*전화번호 : 02-2123-3601~3,3622"
생활관,생활관에는 어떤 부대시설이 있나요?,"독서실, 스터디룸, 빨래방, 셀프 세탁 및 다림방, 컴퓨터실, 휴게실, 체력단련실, 매점, 식당 등

*부서 : 생활관
*전화번호 : 02-2123-3601~3,3622"
생활관,생활관과 학교를 연결하는 셔틀버스가 운영되고 있나요?,"아침 통학시간과 낮 시간, 저녁 시간 등 생활관과 본교를 연결하는 셔틀버스가 운행되고 있습니다.

*부서 : 생활관
*전화번호 : 02-2123-3601~3,3622"
생활관,방마다 화장실 및 샤워실이 있나요?,"무악1, 2, 3, 4학사의 경우 각 층 간 샤워실과 화장실을 공동 사용하게 되며, 무악6학사(우정원)는 호실 내 샤워실 및 화장실이 설치되어 있습니다.

*부서 : 생활관
*전화번호 : 02-2123-3601~3,3622"
생활관,방은 몇 명이서 쓰고 방 시설은 어떻게 되나요?,"2인 1실(우정원의 경우 2인 1실과 3인 1실 선택 가능)로 기본적으로 옷장, 침대, 침대 시트, 수납 공간, 책상이 비치 되어 있습니다. 학생 별로 인터넷 포트가 있어 인터넷 역시 사용 가능합니다. 또한, 방 별 냉난방 시설이 있어 편안하게 생활 가능합니다.

*부서 : 생활관
*전화번호 : 02-2123-3601~3,3622"
생활관,기숙사 내 식당이 있나요?,"무악2학사 지하에 아침, 점심, 저녁을 제공하는 식당이 위치하여, 식권을 구입한 뒤 사용하실 수 있습니다. 또한 간단한 조리가 가능한 셀프키친이 4학사에 위치해 신청 뒤 사용하실 수 있습니다.

*부서 : 생활관
*전화번호 : 02-2123-3601~3,3622"
생활관,통금 시간이 있나요?,"기숙사 출입시간은 오전 5시 30분부터 오전 1시까지며 비사생은 상시 출입금지 입니다. (단, 시험기간에는 출입시간이 오후 2시까지로 연장됩니다.)

*부서 : 생활관
*전화번호 : 02-2123-3601~3,3622"
생활관,"생활관 입사 신청 자격, 입사 신청 방법, 선발 기준 등이 궁금해요.","무악1, 2, 6학사는 부모님과 본인의 주소지가 서울이외의 지역이어야 하며 직전학기 성적 4.3 기준 2.7 이상인 학생이 신청 대상으로, 선발은 컴퓨터 추첨으로 합니다. 무악3학사는 의,치의예과 2학년, 의학과(의학전문대학원 포함), 치의학과(치의학전문대학원 포함), 간호학과 학생이 신청대상이며, 신청 및 선발은 소속 대학에서 서류 접수 후 먼거리와 고학년을 우선 선발합니다. 무악4학사(국가고시동)는 국가고시를 준비하는 재학생 및 휴학생으로써 일반고시는 '국가고시지원센터'에서 모의고사 성적으로 선발되며, 로스쿨의 경우 법학전문대학에서 재학중인 학생 중 지방 거주자를 우선으로 선발합니다. 또한 무악1, 2, 3, 4, 6학사에서 생활하게 될 모든 사생은 입사 당일, 흉부X선 진단서를 제출하여야 합니다.

*부서 : 생활관
*전화번호 : 02-2123-3601~3,3622"
생활관,국제학사(Int'l House)와 SK국제학사(SK Global House)의 기숙사 규정은 어떤 것이 있나요?,"기숙사의 규정은 http://ih.yonsei.ac.kr/?code=0208에서 자세히 살펴보실 수 있습니다. 모든 불법행위의 금지는 물론이고, 이성의 방을 방문할 수 없으며, 외부인의 숙박을 금합니다. 방문자가 있을 시 정해진 절차를 따라야 하며, 타인과 출입 카드를 공유하거나 타인에게 양도하시면 안됩니다. 타인에게 신체적, 정신적인 피해를 주거나 기숙사 내 음주, 흡연 불가하며 기숙사 시설 파괴 등 기타 여러가지 불미스러운 행동이 있을 시 규정에 따라 벌점을 받거나 퇴사당할 수 있습니다. 퇴사명령을 받았을 시, 학기 초라도 환불이 없습니다.

*부서 : 생활관
*전화번호 : 02-2123-3601~3,3622"
생활관,기숙사에 인터넷은 제공되나요? 와이파이(Wifi)로 사용 가능한가요?,"기숙사 내 인터넷은 사용가능하십니다만, 2015학년 현재 기숙사 방에서는 LAN선을 이용 하셔야 합니다. 로비와 각층 라운지 등 공용구역에서만 와이파이 사용 가능하며, 연세대학교 Wifi 접속을 위해 ID와 Password가 필요한데, 이는 해당 학과나 프로그램에 문의하시기 바랍니다.

*부서 : 생활관
*전화번호 : 02-2123-3601~3,3622"
생활관,개인적으로 사정이 생겨 중간에 퇴사하고 싶으면 어떻게 하나요? 이때 기숙사비를 환불 받을 수 있나요?,"기숙사비 환불 규정을 기숙사 홈페이지에서 확인하시기 바랍니다. (http://ih.yonsei.ac.kr/?code=0210) 2015학년 현재 환불 규정으로는 기숙사 학기별 입퇴사일의 중간일 이전까지 기숙사를 떠나시는 경우에는 환불요청이 가능합니다. 즉, 중간일 이후에는 환불이 없습니다. 미리 이메일로 퇴사예정일을 기숙사에 알려주시고 자세한 사항을 문의하세요. 실제 퇴사일 또는 그날 이후 환불신청서를 작성해 진행할 수 있으며 환불은 은행계좌를 통해 지급되며 3주정도 걸립니다. 한국 외 국가의 통장으로도 받을 수 있으나 이때 발생하는 은행수수료와 환율 등을 고려하시기 바라며, 한국내 은행 계좌(특히 우리은행)로 환불받으시면 환불에정액 전액을 그대로 받을 수 있습니다.

*부서 : 생활관
*전화번호 : 02-2123-3601~3,3622"
생활관,기숙사 입사/퇴사를 원하는 날 할 수는 없나요?,"먼저 기숙사 홈페이지에 매해 지정되는 학기별, 프로그램별 기숙사 입/퇴사일을 확인하시기 바랍니다. (http://ih.yonsei.ac.kr/?code=0207) 학기와 학기 사이 날짜가 며칠 안되어 기숙사 방점검과 청소에 필요한 시간으로 인해 지정된 입사일보다 일찍 입사는 불가능합니다. 개인 일정으로 지정 퇴사일보다 일찍 나가시는 것은 무관합니다만 이메일로 미리 알려주시기 바랍니다. 퇴사시에는 청소 등을 마치고 방점검을 받은 후 퇴사하셔야 합니다.

*부서 : 생활관
*전화번호 : 02-2123-3601~3,3622"
생활관,기숙사에 룸메이트 배정은 어떻게 되나요?,"이메일로 신청가능합니다. 100% 보장할수는 없지만 가능한한 최대한 요청하신 룸메이트와 같이 방배정을 할 수 있도록 노력하고 있습니다. 두 학생 모두 기숙사 신청이 합격되신 후 기숙사비 수납마감일까지 입금을 하신후, 수납마감일 다음날부터 1주일간 룸메이트 신청을 이메일로 받습니다. 특정 학생과 룸메이트를 원하시면 두학생 모두의 정보 (이름, 학생번호, 여권번호)를 적으시고, 특정 언어권이나 국가를 원하시면 그 내용을 적어서 보내주세요. 학생의 개인적인 생활 습관이나 인성 등에 대해서는 파악이 어려우므로 양해 바랍니다.

*부서 : 생활관
*전화번호 : 02-2123-3601~3,3622"
생활관,기숙사에 얼마 동안 살 수 있나요? 월별로 살 수 있나요?,"기숙사는 월별이 아닌 학기별로 운영됩니다. 먼저 기숙사 홈페이지(http://ih.yonsei.ac.kr/)에 매해 지정되는 학기별, 프로그램별 기숙사 입/퇴사일을 확인하시기 바랍니다. 교환학생 및 외국인 국적의 학생의 경우, 일단 기숙사에 체류하게 되면 다음 학기에 대한 연장신청 기간이 따로 있는데 기간에 맞추어 신청을 계속 하시는 경우, 장기 체류 가능합니다. 한국어학당 학생의 경우는 2학기 체류가능합니다. 내국인 학생의 경우는 입사를 한번 하셨다고 해도, 겨울학기를 제외하고, 기본적으로 연장 신청이 불가합니다.

*부서 : 생활관
*전화번호 : 02-2123-3601~3,3622"
생활관,기숙사비가 한국 원화로 표시되어 있는데 제가 거래하는 은행에서는 한국 원화로 보내기가 어렵습니다. 어떻게 보내야하나요?,"본인의 나라에서 통용되는 현지 통화로, 환율 고려해서 보내시면 됩니다. 한국의 은행에서 수령시, 다시 그날의 환율을 고려해서 한국 통화로 바뀌어 입금 처리됩니다. 이때 환율, 은행수수료에 따라 기숙사비가 부족하거나 더 많이 입금될 수 있습니다. 기숙사비가 부족한 경우, 기숙사 입사하신 후 기숙사 근처나 캠퍼스 안의 은행에서 동일 계좌로 송금하시면 됩니다. 더 많이 내신 경우에는 기숙사 사무실을 방문해서 환불신청을 하실 수 있는데 이때에 한국 통장을 가져 오시기를 권장합니다. 본국의 계좌로 환불 요청시 은행수수료가 환불액에서 제해지기 때문에 금액이 작은 경우는 의미가 없습니다.

*부서 : 생활관
*전화번호 : 02-2123-3601~3,3622"
생활관,기숙사비는 신용카드나 수표로 지불할 수 있나요?,"기숙사비는 계좌로 송금을 해주셔야 합니다. 계좌번호는 기숙사 신청이 합격되셔야 학생별로 시스템에서 부여되므로 미리 알 수 없습니다. 은행 계좌에 대한 정보는 기숙사 홈페이지 로그인 후 'My Page'에서 보실 수 있습니다. 그 계좌는 해당 학생의 기숙사비를 위한 계좌입니다.

*부서 : 생활관
*전화번호 : 02-2123-3601~3,3622"
생활관,"기숙사가 합격 처리 안 된 경우, 학교 밖 숙소를 소개해 주나요?","개인별 예산, 기준, 선호도가 다 다르고 숙소의 질을 보장하기 어렵기 때문에 죄송하지만 소개를 해드리지는 않습니다. 연세대학교 홈페이지 학생게시판등에 올라있는 숙소의 정보를 활용하시기 바랍니다. 가능하시다면 직접 숙소를 방문 눈으로 확인 후 결정하시는 것을 권합니다. 참고로, 기숙사에서는 지정 입사일 전후 일정기간 대기자 명단을 관리하고 취소자 발생시 대기자 순서에 따라 방을 배정하기도 합니다. 기숙사 불합격시 이메일로 대기자 명단에 올려달라는 요청을 하시면 됩니다.

*부서 : 생활관
*전화번호 : 02-2123-3601~3,3622"
생활관,"교환/방문학생, 하계대학 학생, 한국어학당 학생 등으로 외국에서 오는 학생의 경우는 국제학사/SK국제학사의 기숙사 방이 보장 되나요?","국제학사와 SK국제학사는 수업 프로그램과 별개로 해당 홈페이지 (http://ih.yonsei.ac.kr/)에서 기숙사에 대한 정보를 확인하신 후, 각 프로그램 별 및 학기별 정해진 신청 기간에 신청을 해야 합니다. 선착순으로 방을 배정받기 때문에 신청자가 많고 신청이 늦으신 경우에는 방이 보장되지 않습니다. 해당 프로그램에 등록하신 후 받은 Student ID No. 또는 Admission No.를 가지고 기숙사 신청을 해야 합니다. 기숙사 신청을 위해서는 홈페이지에서 먼저 회원 가입을 하고 신청을 하셔야 하며, 결과 발표는 지정일에 홈페이지 로그인 후 MY Page에서 확인하시면 됩니다.

*부서 : 생활관
*전화번호 : 02-2123-3601~3,3622"
생활관,국제학사(Int'l House)와 SK국제학사(SK Global House)에는 거주 자격이 따로 있나요?,"교환/방문학생, 하계대학학생, 외국 국적 연세대 재학생, 한국어학당 학생(10주 정규프로그램 수강자)에게 우선권이 있습니다. 일반 국내학생의 경우 공실이 있는 경우에 한해 방을 배정합니다. 기숙사 방 배정은 각 학과, 프로그램에 해당 학생의 수업 등록을 확인한 후 합격자 발표일에 합격 처리되며, 휴학생인 경우에는 입사가 안되며 학기 중 휴학 시에도 기숙사를 떠나야합니다.

*부서 : 생활관
*전화번호 : 02-2123-3601~3,3622"
기타,U.I를 받을려면 어떻게 해야 하나요? U.I 에 대한 문의는 어디에 하나요?,"학교 대표 홈페이지에 UI메뉴에 보면, 기본 UI를 이미지 파일로 다운받으실수 있습니다. UI 고해상도 이미지 및 인쇄용 파일은 그룹웨어에 로그인 권한이 있는 연세대학교 교직원에게 교육 및 행정 목적에 한하여 제공됩니다. 예외적으로 학교로부터 용역을 수주하여 디자인작업을 하는 업체의 경우 발주부서 담당자에게, 학교가 승인한 학생회(동문회) 공식행사 등의 경우 학생처 학생지원팀(대외협력처 대외협력팀) 또는 각 소속대학(원) 행정팀에 해당 파일을 요청하실 수 있습니다."
기타,교내 문화예술공간 대관 문의는 어떻게 하면 되나요? YNN에 행사 정보 및 광고를 게재 요청할 수 있나요?,"문화예술공간 사무실(전화번호: 2123-6818)로 대관 일정 및 대관절차를 문의하시기 바랍니다. 주요공지사항 및 광고 게재는 대외협력2팀 YNN담당자(전화번호:2123-2245)에 문의하시기 바랍니다.

*부서 : 대외협력팀
*전화번호 : 02-2123-2248~9"
기타,모금 홈페이지 주소는 어떻게 되나요? 동문 주소 갱신은 어디에서 하나요?,"모금홈페이지 주소 : fund.yonsei.ac.kr
동문 주소 갱신 : www.yonsein.net

*부서 : 대외협력팀
*전화번호 : 02-2123-2248~9"
기타,기기사용료는 현금 결제가 가능한가요?,"기기사용료 결제는 현금결제가 불가하며, 온라인결제 및 방문카드결제, 현금계산서 발행만 가능합니다. (방문카드결제시엔 신한카드 또는 BC카드로만 결제가능합니다. 또한 공동기기원은 면세사업장으로 부가세 미포함 계산서만 발행됩니다.) 문의 : 공동기기원 행정실 02-2123-6970

*부서 : 공동기기원
*전화번호 : 02-2123-6970"
기타,세미나실 이용 절차는 어떻게 되나요?,"1. 공동기기원 홈페이지(http://ycrf.yonsei.ac.kr)에서 예약 (본교 학생 및 첨단관 상주 교직원, 연구원만 이용가능)
2. 세미나실 출입권한 등록을 위해서 첨단관 508호 공동기기원 행정실 방문 후 출입권한양식 작성.
3. KT telecop에 카드 등록이 되어 있는 경우 1~2시간 이내에 권한 획득 가능하며 카드 등록이 되어 있지 않은 경우 KT telecop에 직접 방문 후 권한 획득.
4. 문의 : KT telecop 상황실 02-2123-3700, 공동기기원 행정실 02-2123-6970

*부서 : 공동기기원
*전화번호 : 02-2123-6970"
기타,첨단관 출입권한 등록은 어떻게 하나요?,"■ 첨단관 출입권한 등록대상
첨단관 상주 교직원, 연구원, 학생 중 23시 이후에도 출입이 필요한 자
■ 출입통제 이후 첨단관 출입문 개폐시간
가. 평일, 토요일 : 개문 05:00, 폐문 23:00
(23시 이후 출입은 권한자만 출입가능)
나. 일요일, 공휴일 : 전일 폐문, 권한자만 출입가능

▷출입 권한부여 절차
1. 공동기기원 홈페이지(http://ycrf.yonsei.ac.kr) > 게시판 > 공지사항 > 첨단관 출입통제 권한 신청서 양식 > 첨부파일 다운로드 후 작성 또는 첨단관 508호 공동기기원 행정실 방문 작성.
2. 입주건물이 첨단관일 경우 카드지참 후 도서관 지하 KT telecop 상황실 직접 제출 혹은 입주건물이 첨단관 외 타건물일 경우 첨단관 508호 공동기기원 행정실로 제출.(KT telecop에 카드등록이 되어 있어야함.)
3. 등록가능카드 : 대상자 본인의 교직원 신분증, 학생증, 교통카드 기능이 있는 신용카드.
4. 문의 : KT telecop 상황실 02-2123-3700, 공동기기원 행정실 02-2123-6970

*부서 : 공동기기원
*전화번호 : 02-2123-6970"
건강센터,건강센터 이용시간은 어떻게 되나요?,"• 오전 9시 부터 오후 5시까지 이며, 점심시간은 12시부터 1시까지 입니다.

*부서 : 건강센터
*전화번호 : 02-2123-3346~9,6649"
건강센터,신용카드 이용이 가능한가요?,"• 네, 1000원 이상시에만 가능합니다.

*부서 : 건강센터
*전화번호 : 02-2123-3346~9,6649"
건강센터,외부처방전으로 약을 탈수 있나요?,"• 건강센터는 의약분업제외대상으로 외부처방전으로 약을 타실 수 없으며, 또 건강센터 내에서 진료후 외부약국으로의 처방전도 발행되지 않습니다.

*부서 : 건강센터
*전화번호 : 02-2123-3346~9,6649"
건강센터,졸업생도 건강센터 이용이 가능한가요?,"• 졸업생은 건강센터 이용대상이 아닙니다. 단, 재학 중에 예방접종을 시작했다가 완료하지 못한 경우에는 진료 후 접종하실 수 있습니다.

*부서 : 건강센터
*전화번호 : 02-2123-3346~9,6649"
건강센터,휴학생도 건강센터 이용이 가능한가요?,"• 휴학생의 경우에도 학생건강공제회비와 보건비 납부가 가능하오니 납부하시고 이용하시면 기존과 똑같은 혜택을 받으실 수 있습니다. 학생건강공제회비와 보건비를 납부하지 않았을 경우, 이용은 가능하나 진료비가 본인부담 100%이며, 별도 부과금이 발생할 수 있습니다.

*부서 : 건강센터
*전화번호 : 02-2123-3346~9,6649"
건강센터,장기여행을 갈때 가져갈수 있는 상비약이 있나요?,"• 상비약은 내복약과 외용약으로 구분되어있습니다. 내복상비약세트에는 종합감기약, 해열진통제, 소화제, 지사제가 포함되어 있으며 외용상비약세트에는 일회용포비돈 스틱, 거즈, 메딕스(반창고+거즈), 반창고, 종합밴드, 물파스,탄력붕대가 포함되어 있습니다.

*부서 : 건강센터
*전화번호 : 02-2123-3346~9,6649"
건강센터,면역증명서를 받으려면 무엇을 준비해가야 하나요?,"• 과거 예방접종은 접종 받은 기관에서 확인 받은 서류 혹은 도장이나 서명을 받은 아기수첩을 가져와야 합니다.
• 건강센터에서는 예방접종도우미 사이트 자료 확인이 되지 않기 때문에 본인이 직접 예방접종도우미 사이트에서 예방접종 증명서를 출력해 와야 합니다. 화면 캡쳐는 안됩니다.
• 예방접종 기록이 없거나 분실한 경우에는 반드시 항체 검사를 해야 합니다.
• 항체가 양성인 항목은 추가 접종 없이 면역증명서 발급이 가능합니다.
• 항체가 음성인 경우에는 예방접종을 받은 후에 면역증명서 발급이 가능합니다.
• 예방접종 스케줄대로 접종을 받지 못할 경우에는 항목별 확인은 가능하나, 최종 서명은 불가능합니다.
** 상기 사항은 면역증명서를 요구하는 기관/학교/국가의 요구 사항에 따라 변동될 수 있습니다. **

*부서 : 건강센터
*전화번호 : 02-2123-3346~9,6649"
건강센터,건강검진 소요시간은 얼마나 되나요?,"• 학생들이 예약시간에 맞춰와서 많이 밀리지 않으면 보통 20~30 분정도 소요 됩니다.

*부서 : 건강센터
*전화번호 : 02-2123-3346~9,6649"
건강센터,자율경비 선택 납부 (보건비와 공제비) 는 무엇인가요?,"1)보건비 납부자 혜택 (학기당 7,600원)
• 매 학기 1회 무료 건강검사 (검사기간은 계획일정에 따라 공지)
[검사내용 : 신체계측, 혈압, 시력, 혈액검사(CBC 8종, B형간염, 간기능, 총콜레스테롤), 소변검사, 구강검사]
안정실 무료
•보건비 미납자의 경우 건강센터 이용 시 별도부과금이 발생합니다.
2)학생건강공제회 가입 시 (학기당 15,000원) 보험이 되는 항목에 대해 진료비의 10%만 본인부담금으로 납부하게 되며, 가입하지 않았을 경우 진료비의 100%를 본인부담금으로 납부해야 합니다.

*부서 : 건강센터
*전화번호 : 02-2123-3346~9,6649"
기타,지역사회경험학습(Community Based Learning : CBL) 강의 지원은 어떻게 받을 수 있나요?,"지역사회경험학습은 개설 확정된 전공 및 교양 수업(3학점)을 강의실에서의 이론수업(주 2시간)과 지역사회에서의 경험학습(주 1시간)으로 함께 진행하는 수업의 한 형태입니다. 학생들이 지역사회 속에서 교과내용을 이해하고 실제 활용함으로써 자기 주도적 전공학습능력을 함양하고 전공 진로 탐색 기회를 제공합니다. 전 학기에 공문과 개별 메일로 다음 학기 운영에 대해 안내해 드리며, 자세한 사항은 사항은 이메일(teaching@yonsei.ac.kr)로 문의하시면 자세히 안내해 드립니다. OSE센터 2123-3997, 백양관 N208호

*부서 : Open&Smart Education 센터
*전화번호 : 02-2123-6998~9"
기타,OMR 채점 서비스를 이용하고 싶은데 어떻게 해야 하나요?,"OMR 채점 서비스는 대형 강의 채점에 소요되는 시간을 절약할 수 있도록 신속하고 정확한 채점을 지원해 드립니다. 학기 중 상시 이메일 및 전화로 신청 가능하며, 자세한 사항은 사항은 이메일(teaching@yonsei.ac.kr)로 문의하시면 자세히 안내해 드립니다. OSE센터 2123-3997, 백양관 N208호

*부서 : Open&Smart Education 센터
*전화번호 : 02-2123-6998~9"
기타,학생들의 학습스타일을 알고 싶은데 어떻게 해야 하나요?,"학생들의 학습스타일을 아는 것은 교수님께서 강의를 준비하시는데 도움이 됩니다. 자세한 사항은 이메일(jayoo@yonsei.ac.kr)로 문의하시면 자세히 안내해 드립니다. OSE센터 2123-6998, 백양관 N210호

*부서 : Open&Smart Education 센터
*전화번호 : 02-2123-6998~9"
기타,강의컨설팅을 받고 싶은데 어떻게 해야 하나요?,"교수님을 대상으로 한 강의컨설팅은 신청기간이 있습니다. 매 학기 초(3월, 9월)에 강의컨설팅을 신청하실 수 있으며, 자세한 사항은 이메일(jayoo@yonsei.ac.kr)로 문의하시면 안내하여 드립니다. OSE 센터 2123-6998, 백양관 N210호

*부서 : Open&Smart Education 센터
*전화번호 : 02-2123-6998~9"
기타,선배들이 촬영한 교과목 학습 동영상이 있다고 들었는데 무엇인가요?,"TCC(Tutor Created Contents) 튜터링은 인터넷 강의처럼 YSCEC을 통해 무료로 시청할 수 있는 교과목 학습 동영상입니다. 경제수학, 통계학입문, 공학수학 외에 다양한 교과목의 내용을 우수 튜터의 설명을 통해 제공받을 수 있으며, 모바일로도 시청 가능합니다. 자세한 사항은 OSE센터(02-2123-6999)로 문의해 주시기 바랍니다.

*부서 : Open&Smart Education 센터
*전화번호 : 02-2123-6998~9"
YSCEC,우리대학 온라인강의는 어떻게 진행되나요?,"현재는 100% 온라인 강의가 개설되어 있지 않습니다. YSCEC은 면대면 강의의 보조수단이며, 일부 교과는 동영상을 제공하여 최대 1시간까지 온라인으로 대체하기도 합니다. 새롭게 개편한 YSCEC2에서는 모바일 학습 환경을 효과적으로 지원하고 공지, 토론, 각종 교안 및 동영상 게시, 화상 채팅, 보고서 접수 및 표절검사 등 다양한 기능을 제공하게 되는데 2015년 2학기부터는 YSCEC2를 기반으로 온라인과 오프라인 수업을 혼합한 Blended Learning/Flipped Learning 강의 개설을 추진할 예정입니다.

*부서 : Open&Smart Education 센터
*전화번호 : 02-2123-6998~9"
YSCEC,YSCEC 아이디와 비밀번호는 어떻게 발급받나요?,"재학생은 연세포탈 ID(학번) 및 비밀번호(주민등록번호 뒤 7자리)를 사용하시면 됩니다. 로그인에 문제가 있을 경우 연세포탈(http://portal.yonsei.ac.kr ; tel. 2123-4241)로 문의해주시기 바랍니다.
* 비밀번호 변경은 연세포탈(http://portal.yonsei.ac.kr)의 [마이홈] > [비밀번호변경]에서 할 수 있습니다.
* 비밀번호를 기억하지 못하는 경우에는 학과 사무실에 직접 요청하여 초기화해야 합니다.
* 학점 교류생 이외의 다른 대학 학생은 수강하고자 하는 강의의 담당 교수님을 통해 요청하실 경우 임시 계정을 발급해드리고 있습니다.

*부서 : Open&Smart Education 센터
*전화번호 : 02-2123-6998~9"
YSCEC,YSCEC 이용 신청은 수강 신청과 별도로 해야 하나요?,"수강신청, 변경 기간에 신청하는 과목일 경우, 여러분이 직접 YSCEC에 수강신청하지 않으셔도 학사정보시스템과의 정보 공유에 의해 자동으로 [수강과목]에 나타나게 됩니다. 그러나 청강이나 비정규과목 수강신청은 YSCEC에 로그인 후 [전체강의목록] 메뉴에서 해당 과목을 선택한 후 개별적으로 '청강' 신청하셔야 합니다.

*부서 : Open&Smart Education 센터
*전화번호 : 02-2123-6998~9"
YSCEC,학사정보시스템에 수강신청하지 않은 과목을 YSCEC에서만 수강하는 것이 가능합니까?,"YSCEC은 학사 운영을 보조하는 수단일 뿐 모든 학생의 학사 정보는 학사정보시스템을 통해서 관리됩니다. 그러므로 학사정보시스템에 수강신청하지 않은 과목을 YSCEC에 수강신청 하신다고해서 이수 학점에 반영되거나, 해당 과목의 성적을 받는 것은 아닙니다. 단지 청강을 목적으로 YSCEC을 이용할 경우에는 담당 교수님이 승인 후 YSCEC 접근 권한을 부여해주셔야 이용할 수 있습니다.

*부서 : Open&Smart Education 센터
*전화번호 : 02-2123-6998~9"
YSCEC,YSCEC에서 청강신청을 하려는데 신청기간이 종료되었다고 나옵니다.,"교수님이 청강 신청을 허용해야 가능하므로 해당 강의의 담당교수님께 문의하시기 바랍니다.

*부서 : Open&Smart Education 센터
*전화번호 : 02-2123-6998~9"
YSCEC,"학사정보시스템에 6과목을 신청했는데, YSCEC의 수강과목에 일부 과목만 뜹니다.","우리 대학의 모든 교수님께서 YSCEC을 이용하지는 않습니다. YSCEC을 이용하시는 교수님의 과목만 수강생의 수강과목 목록에 나타납니다.

*부서 : Open&Smart Education 센터
*전화번호 : 02-2123-6998~9"
YSCEC,학위수여나 학점을 인정해주는 사이버강의는 없습니까?,"YSCEC은 연세대학교의 개설 과목에 대한 보조 지원 수단일 뿐 독자적으로 학점을 관리하는 사이버대학이 아니므로 학위수여나 학점을 인정해 주는 사이버 강의는 운영되고 있지 않습니다.

*부서 : Open&Smart Education 센터
*전화번호 : 02-2123-6998~9"
YSCEC,동영상 파일을 열었을 때 까만 화면만 보입니다.,"윈도우 미디어 플레이어의 버전이 낮아서 발생하는 현상입니다. [도움말] > [플레이어 업데이트 확인]을 실행하여 최신 버전으로 업데이트해주십시오. * 이미지파일이 깨져서 보이지 않는 경우는 익스플로러의 [도구] > [인터넷옵션] > [고급]에서 ‘URL을 항상 UTF-8로 보냄’의 설정을 변경하고 페이지를 새로 고침 하십시오.

*부서 : Open&Smart Education 센터
*전화번호 : 02-2123-6998~9"
기타,학술적 글쓰기 학습지원을 받고 싶은데 어디로 문의해야 하나요?,"Open & Smart Education 센터 글쓰기교실에서는 학술적 글쓰기 개별 상담 및 동영상강의 콘텐츠 등의 학습지원서비스를 제공하고 있습니다. 홈페이지 http://ceds.yonsei.ac.kr에서 로그인 후 '글쓰기 상담신청' 메뉴를 클릭하면 원하는 날짜와 시간을 지정하여 상담을 받을 수 있으며, 글쓰기 동영상강의 또한 시청하실 수 있습니다.
* 글쓰기교실 TEL.2123-6995~6, 백양관 N210호

*부서 : Open&Smart Education 센터
*전화번호 : 02-2123-6998~9"
자원봉사,"학사포털에 자원봉사를 입력하였는데, 저장이 안돼요","학사포탈(portal.yonsei.ac.kr)에서 자원봉사 정보 입력 후 저장버튼을 눌러주세요

*부서 : 자원봉사센터
*전화번호 : 02-2123-6219"
자원봉사,인증서를 어디서 뽑나요?,"학사포탈(portal.yonsei.ac.kr) -> 자원봉사 -> 자원봉사 출력

*부서 : 자원봉사센터
*전화번호 : 02-2123-6219"
자원봉사,자원봉사활동을 하고 난 뒤 자원봉사 승인을 받으려면 어떻게 해야 하나요?,"1) 자원봉사활동 수행하고 나서, 자원봉사 확인서를 받으세요
2) 학사포탈(portal.yonsei.ac.kr)에 들어가서 자원봉사 정보 입력하세요
3) 자원봉사센터(아펜젤러 102호)에 자원봉사 확인서를 직접 제출하세요
4) 자원봉사센터에서 서류 검토 후 자원봉사활동 승인을 하면,
5) 학사포탈(portal.yonsei.ac.kr)에서 자원봉사 출력이 가능합니다

*부서 : 자원봉사센터
*전화번호 : 02-2123-6219"
자원봉사,사회봉사과목을 수강철회하고 싶습니다.,"사회봉사과목은 수강철회가 되지 않는 과목이니, 수강신청할 때 유의해서 신청하기 바랍니다. 자세한 내용은 학사포탈 사이트에서 학부/대학원 수강편람 조회->수강편람pdf파일(14~15쪽)을 참조하시기 바랍니다.

*부서 : 자원봉사센터
*전화번호 : 02-2123-6219"
